,control,test,control_N,test_N,effect_size,is_paired,difference,ci,bca_low,bca_high,pvalue_permutation,pvalue_welch,statistic_welch,pvalue_students_t,statistic_students_t,pvalue_mann_whitney,statistic_mann_whitney
0,RSPagl1_Dp2Yey,RSPagl1_WT,7,6,mean difference,False,-706.9032120185586,95,-1628.2278978231443,142.69670386748282,0.1854,0.17808500861974716,1.4417966253765477,0.18864527578168616,1.401494030370325,0.18065268065268064,31.0
1,RSPagl2/3_Dp2Yey,RSPagl2/3_WT,7,5,mean difference,False,-296.6004980911425,95,-1514.0294157733347,1119.6383089552905,0.7114,0.6986657887881069,0.3985131656838767,0.7194689835873791,0.369486745787055,0.7550505050505051,20.0
2,RSPagl5_Dp2Yey,RSPagl5_WT,7,7,mean difference,False,-932.934989892562,95,-2545.1305388862047,890.9409623694,0.3442,0.35040652359766644,0.9773411569413376,0.34769256060053466,0.9773411569413376,0.3828671328671329,32.0
3,RSPagl6a_Dp2Yey,RSPagl6a_WT,7,7,mean difference,False,128.038375653633,95,-856.4595918667778,1264.644001820463,0.8248,0.8275263353804037,-0.2226952435243911,0.827518133826879,-0.22269524352439116,0.9015151515151516,23.0
