,control,test,control_N,test_N,effect_size,is_paired,difference,ci,bca_low,bca_high,pvalue_permutation,pvalue_welch,statistic_welch,pvalue_students_t,statistic_students_t,pvalue_mann_whitney,statistic_mann_whitney
0,PAA_Dp2Yey,PAA_WT,7,7,mean difference,False,-731.2013135689147,95,-1162.226553031616,-292.1967641258311,0.009,0.010470674318817815,3.079735915396964,0.009542595775637751,3.079735915396964,0.011072261072261072,44.0
1,PIR_Dp2Yey,PIR_WT,7,7,mean difference,False,-324.04250598945555,95,-1151.568001411182,152.60992541937708,0.4286,0.37012027970284855,0.9566930052818395,0.3575998336787898,0.9566930052818395,0.3828671328671329,32.0
