,control,test,control_N,test_N,effect_size,is_paired,difference,ci,bca_low,bca_high,pvalue_permutation,pvalue_welch,statistic_welch,pvalue_students_t,statistic_students_t,pvalue_mann_whitney,statistic_mann_whitney
0,MOs1_Dp2Yey,MOs1_WT,7,6,mean difference,False,7.348293507546316,95,-161.8747990482051,251.5958188807827,0.9558,0.9491686348282726,-0.06539271448816047,0.9482821044181073,-0.06635982278815956,0.8356643356643356,23.0
1,MOs2/3_Dp2Yey,MOs2/3_WT,7,6,mean difference,False,-65.4407795736771,95,-281.7311546602211,104.52102158071847,0.5668,0.5469716497359871,0.6215293040103851,0.5545189650080684,0.6095854909010991,0.8356643356643356,23.0
2,MOs5_Dp2Yey,MOs5_WT,7,6,mean difference,False,195.58449317441546,95,12.867093719040668,363.88165233699215,0.073,0.06776142373938795,-2.03406632367865,0.07396737262226011,-1.9744508883472078,0.07342657342657342,8.0
3,MOs6a_Dp2Yey,MOs6a_WT,7,6,mean difference,False,276.87886504319613,95,58.89767288197652,504.9726301570101,0.0474,0.05244594672644455,-2.1910170819002306,0.049425194397918794,-2.2076030590721625,0.10139860139860139,9.0
