,control,test,control_N,test_N,effect_size,is_paired,difference,ci,bca_low,bca_high,pvalue_permutation,pvalue_welch,statistic_welch,pvalue_students_t,statistic_students_t,pvalue_mann_whitney,statistic_mann_whitney
0,AId1_Dp2Yey,AId1_WT,6,6,mean difference,False,-1050.5290101465762,95,-3153.1810583091124,983.0054016001914,0.3782,0.39594589959756854,0.9036390997195667,0.3874370954312881,0.9036390997195667,0.48484848484848486,23.0
1,AId2/3_Dp2Yey,AId2/3_WT,6,7,mean difference,False,-1983.1729428508916,95,-4330.862355439689,491.54536350453327,0.1936,0.17540933321201305,1.468700980552121,0.1896756017800721,1.397962100713269,0.23426573426573427,30.0
2,AId5_Dp2Yey,AId5_WT,6,7,mean difference,False,-1534.67140499467,95,-3543.231549430481,-96.66765813497841,0.1246,0.13205571384281278,1.633923666109748,0.12865721045644585,1.6428825593200695,0.18065268065268064,31.0
3,AId6a_Dp2Yey,AId6a_WT,6,7,mean difference,False,-973.4835114799416,95,-1995.1718872182705,121.17775201133395,0.1192,0.13242858028612672,1.631130267964401,0.12976107488778277,1.6376226539094905,0.13752913752913754,32.0
