,control,test,control_N,test_N,effect_size,is_paired,difference,ci,bca_low,bca_high,pvalue_permutation,pvalue_welch,statistic_welch,pvalue_students_t,statistic_students_t,pvalue_mann_whitney,statistic_mann_whitney
0,IMD_Dp2Yey,IMD_WT,6,6,mean difference,False,-1115.5904764076097,95,-2602.19748205809,-67.4782308436586,0.1308,0.1671426988793898,1.5790250738973055,0.14541042961390285,1.5790250738973055,0.24025974025974026,26.0
1,MD_Dp2Yey,MD_WT,6,6,mean difference,False,-153.40657252242386,95,-871.7073674700282,326.41715890905806,0.6186,0.6547978097564537,0.46274291854700944,0.6534543302049509,0.46274291854700944,0.8181818181818182,20.0
2,PR_Dp2Yey,PR_WT,6,6,mean difference,False,179.5539245853695,95,-313.56122912594674,667.2235330310518,0.5154,0.5385506165230645,-0.6405032548201235,0.536245471100592,-0.6405032548201235,0.5887445887445888,14.0
3,SMT_Dp2Yey,SMT_WT,6,6,mean difference,False,241.03082886943525,95,-324.2435147951501,1079.369997747082,0.5486,0.537986240398654,-0.6378865779037171,0.5378792742194263,-0.6378865779037172,0.8181818181818182,16.0
