,control,test,control_N,test_N,effect_size,is_paired,difference,ci,bca_low,bca_high,pvalue_permutation,pvalue_welch,statistic_welch,pvalue_students_t,statistic_students_t,pvalue_mann_whitney,statistic_mann_whitney
0,RSPd1_Dp2Yey,RSPd1_WT,6,8,mean difference,False,99.91990781620598,95,-995.1964646739866,910.7446492362953,0.8532,0.8556756184535901,-0.18671690714653927,0.8514283859339337,-0.19137931972674635,0.7545787545787546,21.0
1,RSPd2/3_Dp2Yey,RSPd2/3_WT,6,8,mean difference,False,-99.82479401169348,95,-723.2290734866431,650.4019117195116,0.7894,0.7992621793857566,0.2603135544965989,0.8015939695034596,0.25691833217097104,0.9497169497169498,25.0
2,RSPd5_Dp2Yey,RSPd5_WT,6,8,mean difference,False,59.5811036681624,95,-62.45157296694467,219.12997479548997,0.493,0.4564613405421396,-0.7702520756378114,0.4863899793340639,-0.7181872768420855,0.662004662004662,20.0
3,RSPd6a_Dp2Yey,RSPd6a_WT,6,8,mean difference,False,2.1370700557217788,95,-203.68971091642152,183.2810284051313,0.9806,0.9844520468537452,-0.019904468259638024,0.984877294664445,-0.019353352770675306,0.8518148518148518,26.0
