,control,test,control_N,test_N,effect_size,is_paired,difference,ci,bca_low,bca_high,pvalue_permutation,pvalue_welch,statistic_welch,pvalue_students_t,statistic_students_t,pvalue_mann_whitney,statistic_mann_whitney
0,ACB_Dp2Yey,ACB_WT,5,7,mean difference,False,-1310.0288723809595,95,-3818.1879939024025,395.12678394823,0.2396,0.3145774727898016,1.0982670052865449,0.2565582213110004,1.2033406299770666,0.3434343434343435,24.0
1,OT_Dp2Yey,OT_WT,6,7,mean difference,False,-1766.5615728192251,95,-2900.5925167052887,-761.7172613673638,0.0082,0.01273759864042714,3.02341403358778,0.010873714546415652,3.058878561541459,0.022144522144522144,37.0
