,control,test,control_N,test_N,effect_size,is_paired,difference,ci,bca_low,bca_high,pvalue_permutation,pvalue_welch,statistic_welch,pvalue_students_t,statistic_students_t,pvalue_mann_whitney,statistic_mann_whitney
0,ACB_Dp2Yey,ACB_WT,5,6,mean difference,False,661.8567013454303,95,-1423.4719152296766,3248.662120323185,0.6206,0.6330642398187698,-0.4948873579779634,0.6321914502750678,-0.4953949770977394,0.9307359307359306,14.0
1,OT_Dp2Yey,OT_WT,5,6,mean difference,False,-160.34545884543877,95,-691.5169875992515,433.0211053914909,0.6038,0.6294227914565811,0.5044613248796359,0.6140964541942404,0.5222640853210698,0.7922077922077921,17.0
