,control,test,control_N,test_N,effect_size,is_paired,difference,ci,bca_low,bca_high,pvalue_permutation,pvalue_welch,statistic_welch,pvalue_students_t,statistic_students_t,pvalue_mann_whitney,statistic_mann_whitney
0,ORBm1_Dp2Yey,ORBm1_WT,2,5,mean difference,False,2147.5724873180825,95,1373.64050920009,2941.11395952708,0.0,0.009191615372547104,-4.39013519473334,0.02549318580595613,-3.146010071746113,0.09523809523809523,0.0
1,ORBm2/3_Dp2Yey,ORBm2/3_WT,3,6,mean difference,False,1995.130147129682,95,756.4992439527978,3016.2886518467913,0.0474,0.030292627600133272,-2.966570592924105,0.02958749706402274,-2.7241535296755544,0.09523809523809523,2.0
2,ORBm5_Dp2Yey,ORBm5_WT,5,6,mean difference,False,1327.17620516419,95,-442.55106859141324,3546.082233892572,0.2502,0.304342497032416,-1.1525844419456583,0.24210170242108808,-1.2520755583392542,0.42857142857142855,10.0
3,ORBm6a_Dp2Yey,ORBm6a_WT,6,6,mean difference,False,3020.0093710072724,95,1592.052127184601,5326.759608399363,0.0002,0.017617553191952136,-3.0040951825237863,0.01325061165495686,-3.004095182523786,0.0021645021645021645,0.0
