,control,test,control_N,test_N,effect_size,is_paired,difference,ci,bca_low,bca_high,pvalue_permutation,pvalue_welch,statistic_welch,pvalue_students_t,statistic_students_t,pvalue_mann_whitney,statistic_mann_whitney
0,TEa1_Dp2Yey,TEa1_WT,6,8,mean difference,False,213.19573145115146,95,-1300.9900916438569,1802.1469357113735,0.8078,0.8135492177958326,-0.24112919939354732,0.8199356784340831,-0.2326740322676656,0.9497169497169498,23.0
1,TEa2/3_Dp2Yey,TEa2/3_WT,6,8,mean difference,False,172.26728794167548,95,-1012.6204449405004,1386.8389079265178,0.823,0.8038977116879177,-0.25388388272955487,0.8110865666131,-0.24435154810981638,0.8518148518148518,22.0
2,TEa4_Dp2Yey,TEa4_WT,4,5,mean difference,False,190.2477253932566,95,-616.6022471960214,769.4677555850391,0.6278,0.6440885886117306,-0.4829670202926984,0.6491231965217147,-0.4751868076754289,0.7301587301587302,8.0
3,TEa5_Dp2Yey,TEa5_WT,4,4,mean difference,False,-116.5961422578452,95,-366.7865091441556,145.00263994353324,0.472,0.4826753552138857,0.7513680702061482,0.48085295238296066,0.7513680702061482,0.4857142857142857,11.0
4,TEa6a_Dp2Yey,TEa6a_WT,5,4,mean difference,False,-2.3024771018095294,95,-210.73315112523716,165.71769452980098,0.9692,0.9837094236474412,0.021171455887458925,0.9839567607097455,0.020837561595561698,1.0,10.0
