,control,test,control_N,test_N,effect_size,is_paired,difference,ci,bca_low,bca_high,pvalue_permutation,pvalue_welch,statistic_welch,pvalue_students_t,statistic_students_t,pvalue_mann_whitney,statistic_mann_whitney
0,AUDv1_Dp2Yey,AUDv1_WT,6,8,mean difference,False,411.4795456325435,95,-903.936343308666,2106.5646458100823,0.6362,0.6300377709938576,-0.49436632626857346,0.6494157450526812,-0.46620808477243364,0.9497169497169498,23.0
1,AUDv2/3_Dp2Yey,AUDv2/3_WT,6,8,mean difference,False,423.3833372255058,95,-837.4988747863761,2120.4838490391508,0.6376,0.6133578612730105,-0.519356804503615,0.6386899119156075,-0.48169216951114074,0.9497169497169498,23.0
2,AUDv4_Dp2Yey,AUDv4_WT,4,4,mean difference,False,372.16262463142925,95,-206.28348340851528,1037.6709879643765,0.3486,0.35774627146630633,-1.0122223974190976,0.3504963112252062,-1.0122223974190976,0.4857142857142857,5.0
3,AUDv5_Dp2Yey,AUDv5_WT,5,6,mean difference,False,-52.62718286437391,95,-200.85216734712785,76.74334516542956,0.5144,0.5183174491877464,0.6756883871823659,0.5097696251767871,0.686378164384818,0.6623376623376623,18.0
4,AUDv6a_Dp2Yey,AUDv6a_WT,3,4,mean difference,False,-27.224536258586113,95,-267.2580638769915,116.05705239993465,0.8036,0.8279795429930329,0.237857429467616,0.803746940037243,0.26203531642833233,1.0,6.0
