,control,test,control_N,test_N,effect_size,is_paired,difference,ci,bca_low,bca_high,pvalue_permutation,pvalue_welch,statistic_welch,pvalue_students_t,statistic_students_t,pvalue_mann_whitney,statistic_mann_whitney
0,ORBl2/3_Dp2Yey,ORBl2/3_WT,6,6,mean difference,False,254.29342953117708,95,-47.67291540955364,547.8110406940098,0.162,0.16128394761268744,-1.5217822006723782,0.15903616907327733,-1.5217822006723782,0.24025974025974026,10.0
1,ORBl5_Dp2Yey,ORBl5_WT,7,6,mean difference,False,119.73272167196353,95,-199.72211359995805,422.94411730919694,0.488,0.49757314742468883,-0.7014999563556804,0.5025670849475826,-0.6931850452992611,0.5337995337995338,16.0
2,ORBl6a_Dp2Yey,ORBl6a_WT,7,6,mean difference,False,61.58769033795738,95,-164.52107376451295,269.82934830702936,0.615,0.6185002168237358,-0.5127320142495118,0.6272291304536254,-0.4995556350358087,0.6282051282051282,17.0
3,ORBl6b_Dp2Yey,ORBl6b_WT,4,3,mean difference,False,-91.3768301020757,95,-774.5151669775262,621.9325995440992,0.7966,0.8426091296916404,0.20953588032466325,0.84620723199429,0.20425600485463155,1.0,6.0
