,control,test,control_N,test_N,effect_size,is_paired,difference,ci,bca_low,bca_high,pvalue_permutation,pvalue_welch,statistic_welch,pvalue_students_t,statistic_students_t,pvalue_mann_whitney,statistic_mann_whitney
0,ACAd1_Dp2Yey,ACAd1_WT,7,6,mean difference,False,58.703239104572845,95,-271.9018729253669,552.5476444672154,0.812,0.7992670764204786,-0.26135132740272826,0.795405687804512,-0.26567125046701723,0.9452214452214451,22.0
1,ACAd2/3_Dp2Yey,ACAd2/3_WT,7,6,mean difference,False,187.39473888886448,95,-164.50170016344157,861.6294982393733,0.5688,0.5010514129088247,-0.7067604536548031,0.47516011611272146,-0.7393785980741883,0.5337995337995338,16.0
2,ACAd5_Dp2Yey,ACAd5_WT,7,6,mean difference,False,-123.13839529803352,95,-667.1171298566295,567.3539341005419,0.7398,0.7295796701153903,0.35560242764324373,0.7253003468054173,0.3604999050561867,0.7307692307692307,24.0
3,ACAd6a_Dp2Yey,ACAd6a_WT,5,6,mean difference,False,42.87826300942379,95,-1220.6594110615197,1320.8555787065802,0.942,0.9548117529603716,-0.058406754470107215,0.954262502819779,-0.05897272527247167,0.7922077922077921,13.0
