,control,test,control_N,test_N,effect_size,is_paired,difference,ci,bca_low,bca_high,pvalue_permutation,pvalue_welch,statistic_welch,pvalue_students_t,statistic_students_t,pvalue_mann_whitney,statistic_mann_whitney
0,TEa1_Dp2Yey,TEa1_WT,7,7,mean difference,False,-174.65212157777137,95,-1069.8393935207323,694.6815885048361,0.7254,0.7291761145594098,0.3548756350524597,0.7288415375646362,0.3548756350524597,0.6200466200466201,29.0
1,TEa2/3_Dp2Yey,TEa2/3_WT,6,7,mean difference,False,-1295.553453756719,95,-3265.8680809794896,353.0597835660851,0.184,0.22435745260408838,1.3165607976295355,0.19853268683904143,1.3682458679640304,0.18065268065268064,31.0
2,TEa4_Dp2Yey,TEa4_WT,5,6,mean difference,False,-994.2611019528836,95,-2386.7061058398644,398.9962014186285,0.2242,0.24848619607933273,1.254726645575049,0.22825909568847785,1.2928638733502287,0.32900432900432897,21.0
3,TEa5_Dp2Yey,TEa5_WT,5,6,mean difference,False,-57.88396386669979,95,-998.1436074620489,980.0453905915676,0.9364,0.9211497365015279,0.10201805073704431,0.9245616033619801,0.09737634764843577,0.9307359307359306,14.0
4,TEa6a_Dp2Yey,TEa6a_WT,4,4,mean difference,False,136.87980006272892,95,-1433.429746749428,1365.2621471839357,0.9036,0.8695508917018926,-0.171462123306494,0.8694970052075567,-0.171462123306494,1.0,8.0
