,control,test,control_N,test_N,effect_size,is_paired,difference,ci,bca_low,bca_high,pvalue_permutation,pvalue_welch,statistic_welch,pvalue_students_t,statistic_students_t,pvalue_mann_whitney,statistic_mann_whitney
0,ILA1_Dp2Yey,ILA1_WT,5,5,mean difference,False,-1524.5703595010632,95,-3733.1866744417057,1323.597663446877,0.3234,0.3399380288195099,1.0434881242557452,0.3272259956836378,1.0434881242557452,0.5476190476190477,16.0
1,ILA2/3_Dp2Yey,ILA2/3_WT,5,5,mean difference,False,-275.2623693704286,95,-3007.892871236632,3140.268241017861,0.869,0.8783111097330661,0.16007078340488176,0.8767932003044743,0.16007078340488176,0.5476190476190477,16.0
2,ILA5_Dp2Yey,ILA5_WT,5,6,mean difference,False,-1658.070477503006,95,-3529.13196072155,94.9512301379591,0.1346,0.15398847327484114,1.5866769169433963,0.13781295496979604,1.6287194623864127,0.12554112554112554,24.0
3,ILA6a_Dp2Yey,ILA6a_WT,6,6,mean difference,False,-1805.450449498153,95,-3773.1924337352725,-545.4177099680653,0.0312,0.08555314747894323,2.075453965923525,0.06468934139190252,2.0754539659235256,0.04112554112554113,31.0
