,control,test,control_N,test_N,effect_size,is_paired,difference,ci,bca_low,bca_high,pvalue_permutation,pvalue_welch,statistic_welch,pvalue_students_t,statistic_students_t,pvalue_mann_whitney,statistic_mann_whitney
0,SSs1_Dp2Yey,SSs1_WT,6,5,mean difference,False,-344.63292940458007,95,-1318.0766372527553,404.78015402422386,0.528,0.4899576314360573,0.724952582825543,0.5114763070110885,0.6835428640915316,0.7922077922077921,17.0
1,SSs2/3_Dp2Yey,SSs2/3_WT,6,6,mean difference,False,-316.19032727115064,95,-879.3221953946648,225.1403188220636,0.3306,0.3220268078619062,1.0424468104698226,0.321750733100925,1.0424468104698226,0.30952380952380953,25.0
2,SSs4_Dp2Yey,SSs4_WT,6,6,mean difference,False,-183.25280975156693,95,-805.8448883491734,385.7551035042469,0.6014,0.5970602020731326,0.5483113440183838,0.5955058560915902,0.5483113440183838,0.8181818181818182,20.0
3,SSs5_Dp2Yey,SSs5_WT,6,6,mean difference,False,-7.738210022066141,95,-423.24762295959624,403.49832168674095,0.9678,0.9740806635841434,0.033695053510373635,0.9737834012409173,0.033695053510373635,0.9372294372294373,19.0
4,SSs6a_Dp2Yey,SSs6a_WT,6,6,mean difference,False,137.79493844310252,95,-223.47681453458677,463.89285130715496,0.455,0.4871634379061569,-0.7217320900565058,0.4869918601213904,-0.7217320900565058,0.3939393939393939,12.0
5,SSs6b_Dp2Yey,SSs6b_WT,6,6,mean difference,False,-251.84292470484343,95,-557.2254776613701,-2.7379055029141455,0.1272,0.1372541434636576,1.6373341097861125,0.1326019395325283,1.6373341097861125,0.13203463203463203,28.0
