,control,test,control_N,test_N,effect_size,is_paired,difference,ci,bca_low,bca_high,pvalue_permutation,pvalue_welch,statistic_welch,pvalue_students_t,statistic_students_t,pvalue_mann_whitney,statistic_mann_whitney
0,AHN_Dp2Yey,AHN_WT,5,2,mean difference,False,-255.346178507251,95,-1538.6733454992484,289.5770910067087,0.955,0.6155776935686301,0.5396875365166377,0.7544987399259452,0.3303914959209106,0.38095238095238093,2.0
1,VMH_Dp2Yey,VMH_WT,5,6,mean difference,False,331.13863819043945,95,-73.14056342354911,734.5898070686806,0.1898,0.1835696930606605,-1.4407902399802484,0.18994145773013038,-1.4177559012155367,0.24675324675324672,8.0
