,control,test,control_N,test_N,effect_size,is_paired,difference,ci,bca_low,bca_high,pvalue_permutation,pvalue_welch,statistic_welch,pvalue_students_t,statistic_students_t,pvalue_mann_whitney,statistic_mann_whitney
0,ACAv1_Dp2Yey,ACAv1_WT,4,4,mean difference,False,-301.9469064813675,95,-2202.9438895919475,2841.582898279912,0.8834,0.8426342472006788,0.21005605419493936,0.8405752793635618,0.2100560541949393,0.6857142857142857,10.0
1,ACAv2/3_Dp2Yey,ACAv2/3_WT,5,4,mean difference,False,-1094.3665498624678,95,-2435.2796983796106,678.9831839309791,0.2742,0.2542317478169986,1.2538081196982522,0.28023986835823,1.1701320144284053,0.2857142857142857,15.0
2,ACAv5_Dp2Yey,ACAv5_WT,4,4,mean difference,False,-588.4290351094005,95,-1968.306765318458,1080.27587119102,0.5192,0.5464485810312149,0.6467112990533065,0.5417521635203721,0.6467112990533065,0.6857142857142857,10.0
3,ACAv6a_Dp2Yey,ACAv6a_WT,3,4,mean difference,False,-2164.4788051554087,95,-4217.522790679169,-402.9054561410312,0.1482,0.1148561635556473,1.906805485654635,0.1313765949271505,1.8022493630125014,0.22857142857142856,10.0
