,control,test,control_N,test_N,effect_size,is_paired,difference,ci,bca_low,bca_high,pvalue_permutation,pvalue_welch,statistic_welch,pvalue_students_t,statistic_students_t,pvalue_mann_whitney,statistic_mann_whitney
0,RSPv1_Dp2Yey,RSPv1_WT,7,7,mean difference,False,-139.52443808164412,95,-350.01358295097646,48.91673610950875,0.2336,0.2293510662957407,1.275807222090979,0.2261663672306311,1.2758072220909793,0.3828671328671329,32.0
1,RSPv2/3_Dp2Yey,RSPv2/3_WT,7,7,mean difference,False,-266.3871989395543,95,-1445.7784023327272,1125.353864732879,0.7654,0.7140205955374564,0.37557621201265917,0.7137868328509605,0.37557621201265917,0.8047785547785549,27.0
2,RSPv5_Dp2Yey,RSPv5_WT,7,7,mean difference,False,-836.3597164296516,95,-2754.9008206356525,1076.2025221272256,0.4356,0.44244780361797875,0.7962006879257845,0.44138255924825587,0.7962006879257845,0.534965034965035,30.0
3,RSPv6a_Dp2Yey,RSPv6a_WT,6,6,mean difference,False,395.77668226678156,95,-780.7622788439662,1711.2912250530153,0.5958,0.5895890083246258,-0.5584481694553862,0.588823148423856,-0.5584481694553862,0.6991341991341992,15.0
