,control,test,control_N,test_N,effect_size,is_paired,difference,ci,bca_low,bca_high,pvalue_permutation,pvalue_welch,statistic_welch,pvalue_students_t,statistic_students_t,pvalue_mann_whitney,statistic_mann_whitney
0,CL_Dp2Yey,CL_WT,6,6,mean difference,False,-165.01775166914422,95,-398.32382477558826,155.8030809686307,0.3058,0.2963202923289447,1.1020236813327828,0.2962674831249425,1.1020236813327828,0.30952380952380953,25.0
1,CM_Dp2Yey,CM_WT,6,6,mean difference,False,-93.55538200774936,95,-1359.7652742403761,1750.0652716832371,0.9202,0.9153710902743133,0.11002126925481145,0.9145691639440168,0.11002126925481144,0.48484848484848486,23.0
2,PCN_Dp2Yey,PCN_WT,6,6,mean difference,False,-199.82398349921368,95,-546.0862622807202,167.74178226451556,0.3348,0.34584583048783607,1.0092735736316776,0.33664037409529224,1.0092735736316774,0.3939393939393939,24.0
3,PIL_Dp2Yey,PIL_WT,5,6,mean difference,False,650.0629253961797,95,184.87737007010537,1539.7194121542375,0.0818,0.12120254491007693,-1.8310328042606752,0.1292863056529433,-1.6698615147333185,0.12554112554112554,6.0
4,RH_Dp2Yey,RH_WT,6,6,mean difference,False,1130.4845198825474,95,-548.9674520467852,2692.168192567472,0.246,0.24588209188122953,-1.2443498199146874,0.24174595770460466,-1.2443498199146874,0.30952380952380953,11.0
