,control,test,control_N,test_N,effect_size,is_paired,difference,ci,bca_low,bca_high,pvalue_permutation,pvalue_welch,statistic_welch,pvalue_students_t,statistic_students_t,pvalue_mann_whitney,statistic_mann_whitney
0,AUDd1_Dp2Yey,AUDd1_WT,6,8,mean difference,False,363.17260188640284,95,-1167.084777514338,2077.979192554544,0.7204,0.6969942026486147,-0.3990376489411639,0.71496081223639,-0.3739558734360538,0.8518148518148518,22.0
1,AUDd2/3_Dp2Yey,AUDd2/3_WT,6,8,mean difference,False,325.24885454787886,95,-329.0167622242436,1256.6055241308743,0.5042,0.4627265564586258,-0.7604646725448848,0.4977152167506206,-0.6992680862136325,0.9497169497169498,25.0
2,AUDd4_Dp2Yey,AUDd4_WT,4,3,mean difference,False,164.6782023801855,95,-262.4466318496925,572.3926276932102,0.4944,0.5781415097763131,-0.6362859878334394,0.5024590934637316,-0.7223169063132675,0.8571428571428571,5.0
3,AUDd5_Dp2Yey,AUDd5_WT,5,7,mean difference,False,-38.146504558876586,95,-216.07155502832808,92.86622750962951,0.6602,0.6824751091058294,0.43140877071266825,0.6412137931017526,0.48049506200070047,0.638888888888889,21.0
4,AUDd6a_Dp2Yey,AUDd6a_WT,4,4,mean difference,False,39.211281651813465,95,-110.00307929058704,195.46777810189252,0.6296,0.6780789521718649,-0.43788517164077223,0.6767934187941944,-0.43788517164077223,0.6857142857142857,6.0
