,control,test,control_N,test_N,effect_size,is_paired,difference,ci,bca_low,bca_high,pvalue_permutation,pvalue_welch,statistic_welch,pvalue_students_t,statistic_students_t,pvalue_mann_whitney,statistic_mann_whitney
0,PH_Dp2Yey,PH_WT,5,6,mean difference,False,218.5256748625893,95,-332.5181386622289,885.7938446485355,0.5426,0.5316163014155231,-0.6505169898637221,0.5402954106379483,-0.6365057098819349,0.5367965367965368,11.0
1,VMH_Dp2Yey,VMH_WT,6,6,mean difference,False,-26.791251836918036,95,-248.5390055714861,258.6021258273531,0.8302,0.8576191807534552,0.18844493052032266,0.8542971880270841,0.18844493052032266,0.3939393939393939,24.0
