,control,test,control_N,test_N,effect_size,is_paired,difference,ci,bca_low,bca_high,pvalue_permutation,pvalue_welch,statistic_welch,pvalue_students_t,statistic_students_t,pvalue_mann_whitney,statistic_mann_whitney
0,ORBvl2/3_Dp2Yey,ORBvl2/3_WT,3,4,mean difference,False,-314.5852667122506,95,-888.3672054071635,432.8593149634081,0.5252,0.4735671995216723,0.774758893730663,0.4995712679897518,0.7274502651737121,0.8571428571428571,7.0
1,ORBvl5_Dp2Yey,ORBvl5_WT,7,6,mean difference,False,631.3995681749153,95,62.42181306036855,1218.662095533455,0.0694,0.07469377677725812,-1.9952395774650822,0.06751509123365698,-2.0277184734342177,0.10139860139860139,9.0
2,ORBvl6a_Dp2Yey,ORBvl6a_WT,7,6,mean difference,False,-176.56139176801344,95,-959.2300214063401,430.0856278160328,0.6614,0.6448550956325627,0.47704129850633714,0.659574974349572,0.45268293764475603,0.8356643356643356,23.0
