,control,test,control_N,test_N,effect_size,is_paired,difference,ci,bca_low,bca_high,pvalue_permutation,pvalue_welch,statistic_welch,pvalue_students_t,statistic_students_t,pvalue_mann_whitney,statistic_mann_whitney
0,VAL_Dp2Yey,VAL_WT,6,6,mean difference,False,-329.5079171792156,95,-996.9911820174996,463.26882398907026,0.4298,0.4286949352949101,0.8249812248477949,0.4286226326044611,0.824981224847795,0.24025974025974026,26.0
1,VM_Dp2Yey,VM_WT,6,6,mean difference,False,94.43032249309965,95,-170.87000950732374,337.7877015897907,0.5256,0.5248948795099162,-0.6620580179340053,0.522897590912644,-0.6620580179340053,0.5887445887445888,14.0
