,control,test,control_N,test_N,effect_size,is_paired,difference,ci,bca_low,bca_high,pvalue_permutation,pvalue_welch,statistic_welch,pvalue_students_t,statistic_students_t,pvalue_mann_whitney,statistic_mann_whitney
0,VPL_Dp2Yey,VPL_WT,6,6,mean difference,False,4.824850515273056,95,-387.23076959723136,255.42286207721241,0.9686,0.9781360602842123,-0.028194397065431615,0.9780618445928724,-0.028194397065431615,0.8181818181818182,16.0
1,VPM_Dp2Yey,VPM_WT,6,6,mean difference,False,73.96312192703635,95,-304.23341331478525,296.5087449017865,0.5778,0.6567049592910187,-0.46040194521119604,0.6550766712727654,-0.46040194521119604,0.17965367965367965,9.0
2,VPMpc_Dp2Yey,VPMpc_WT,5,5,mean difference,False,250.17686055033528,95,-521.3754957631759,689.2633428810401,0.4412,0.4733558092142198,-0.7686320867092808,0.4641956034895981,-0.7686320867092808,0.15079365079365079,5.0
