,control,test,control_N,test_N,effect_size,is_paired,difference,ci,bca_low,bca_high,pvalue_permutation,pvalue_welch,statistic_welch,pvalue_students_t,statistic_students_t,pvalue_mann_whitney,statistic_mann_whitney
0,ORBl1_Dp2Yey,ORBl1_WT,5,5,mean difference,False,385.42854800358054,95,-1028.1176272991352,1788.6616037794965,0.6538,0.6446688302235501,-0.47946892517384854,0.6444381485494166,-0.47946892517384854,0.6904761904761905,10.0
1,ORBl2/3_Dp2Yey,ORBl2/3_WT,6,6,mean difference,False,1533.577065988764,95,142.42402897069587,2902.275513379919,0.0706,0.07330407575136384,-2.002565463269483,0.07307493200318138,-2.002565463269483,0.06493506493506493,6.0
2,ORBl5_Dp2Yey,ORBl5_WT,6,6,mean difference,False,1522.6622591441846,95,-110.64265769161284,3269.583631978815,0.1198,0.13462382785513885,-1.6301370783655234,0.1341265370388966,-1.6301370783655234,0.06493506493506493,6.0
3,ORBl6a_Dp2Yey,ORBl6a_WT,6,6,mean difference,False,1996.749161090006,95,319.09222040226996,4004.652197558302,0.0832,0.08753401503899327,-1.9359318415717808,0.08162902649596415,-1.9359318415717808,0.13203463203463203,8.0
4,ORBl6b_Dp2Yey,ORBl6b_WT,6,6,mean difference,False,2212.483658885097,95,851.3304951230039,4286.165495848098,0.0252,0.043208468441345016,-2.355322352736247,0.04027336113184433,-2.355322352736247,0.04112554112554113,5.0
