,control,test,control_N,test_N,effect_size,is_paired,difference,ci,bca_low,bca_high,pvalue_permutation,pvalue_welch,statistic_welch,pvalue_students_t,statistic_students_t,pvalue_mann_whitney,statistic_mann_whitney
0,PAL_Dp2Yey,PAL_WT,5,6,mean difference,False,1504.6747580807269,95,643.1967174045949,3093.681292646851,0.0072,0.0562509478377611,-2.3051295766784423,0.03987771581111858,-2.4003084265250965,0.008658008658008658,1.0
1,STR_Dp2Yey,STR_WT,5,6,mean difference,False,635.3518319856712,95,-461.12767493048705,1903.3549646618658,0.3484,0.38580532591164807,-0.9389371817548354,0.3448937221406959,-0.9968249226047557,0.42857142857142855,10.0
