,control,test,control_N,test_N,effect_size,is_paired,difference,ci,bca_low,bca_high,pvalue_permutation,pvalue_welch,statistic_welch,pvalue_students_t,statistic_students_t,pvalue_mann_whitney,statistic_mann_whitney
0,ORBm1_Dp2Yey,ORBm1_WT,5,5,mean difference,False,-385.3852288555928,95,-1347.9186690358583,407.83986980655845,0.4474,0.4773780964433042,0.7599227016264077,0.4691008873583258,0.7599227016264077,0.6904761904761905,15.0
1,ORBm2/3_Dp2Yey,ORBm2/3_WT,3,4,mean difference,False,671.1614567515977,95,-5.109138600450592,1251.1808626534842,0.195,0.13441951248411743,-1.7887394171454996,0.15742825632206423,-1.6618703370107717,0.22857142857142856,2.0
2,ORBm5_Dp2Yey,ORBm5_WT,4,4,mean difference,False,773.0791161262777,95,174.5241770394549,1380.4058825361972,0.0582,0.1067637506932961,-2.2008658367116087,0.07001862191410321,-2.200865836711609,0.11428571428571428,2.0
3,ORBm6a_Dp2Yey,ORBm6a_WT,7,6,mean difference,False,-5.831359043229668,95,-635.1441553578852,572.4972171215506,0.9856,0.9863236961711415,0.01757015306827276,0.9868028515513145,0.016920746260146006,0.8356643356643356,23.0
