,control,test,control_N,test_N,effect_size,is_paired,difference,ci,bca_low,bca_high,pvalue_permutation,pvalue_welch,statistic_welch,pvalue_students_t,statistic_students_t,pvalue_mann_whitney,statistic_mann_whitney
0,PAA_Dp2Yey,PAA_WT,6,6,mean difference,False,585.1025146350743,95,-78.99698626199358,1184.1754783160382,0.131,0.12628395706054432,-1.6680622035265467,0.1262655537045285,-1.6680622035265467,0.13203463203463203,8.0
1,PIR_Dp2Yey,PIR_WT,6,6,mean difference,False,57.41702960102725,95,-245.17109618222094,480.3578123849841,0.769,0.7776542058441483,-0.2901533089079693,0.777626637605585,-0.29015330890796937,0.9372294372294373,19.0
