,control,test,control_N,test_N,effect_size,is_paired,difference,ci,bca_low,bca_high,pvalue_permutation,pvalue_welch,statistic_welch,pvalue_students_t,statistic_students_t,pvalue_mann_whitney,statistic_mann_whitney
0,EPd_Dp2Yey,EPd_WT,6,6,mean difference,False,-177.43339369237106,95,-533.2274056786877,217.0164173088641,0.4262,0.4156424425758971,0.8493068037837355,0.4155798420720763,0.8493068037837355,0.24025974025974026,26.0
1,EPv_Dp2Yey,EPv_WT,6,6,mean difference,False,-365.31156089996307,95,-774.0981783452703,38.658342411265835,0.133,0.13785971516594883,1.6315795762626653,0.1338197144981783,1.6315795762626653,0.30952380952380953,25.0
