,control,test,control_N,test_N,effect_size,is_paired,difference,ci,bca_low,bca_high,pvalue_permutation,pvalue_welch,statistic_welch,pvalue_students_t,statistic_students_t,pvalue_mann_whitney,statistic_mann_whitney
0,AIp1_Dp2Yey,AIp1_WT,6,8,mean difference,False,206.1545624521998,95,-944.046909910355,1793.828548243077,0.8148,0.7896084000406709,-0.2736934027894583,0.8079995333782519,-0.24843365513353743,0.662004662004662,28.0
1,AIp2/3_Dp2Yey,AIp2/3_WT,6,7,mean difference,False,240.7965431896452,95,-234.53787084329753,1009.6592433110752,0.6046,0.4854052465352331,-0.727659727994461,0.5038289025272968,-0.6910957737948263,0.7307692307692307,18.0
2,AIp5_Dp2Yey,AIp5_WT,5,6,mean difference,False,-122.05831903861764,95,-449.0535045696645,214.82441448135032,0.5208,0.5352163504627767,0.6454265550930305,0.5360619004462139,0.6433199551171744,0.42857142857142855,20.0
3,AIp6a_Dp2Yey,AIp6a_WT,5,4,mean difference,False,-141.48838820858703,95,-543.0099334340204,107.09916552551394,0.6164,0.47486078841116885,0.7635170963622466,0.5046146091155976,0.7032434485340182,0.7301587301587302,12.0
