,control,test,control_N,test_N,effect_size,is_paired,difference,ci,bca_low,bca_high,pvalue_permutation,pvalue_welch,statistic_welch,pvalue_students_t,statistic_students_t,pvalue_mann_whitney,statistic_mann_whitney
0,GU1_Dp2Yey,GU1_WT,5,7,mean difference,False,1649.738980247745,95,-887.3713484612822,4069.7444190718666,0.2724,0.26661827936931837,-1.1769414189136995,0.2902579422193181,-1.116644106154465,0.26767676767676774,10.0
1,GU2/3_Dp2Yey,GU2/3_WT,4,7,mean difference,False,-1512.8476505699145,95,-3502.8600382115696,356.6990362268016,0.3074,0.200171062520829,1.3925057552122897,0.2971740240518863,1.1065814789358874,0.3151515151515151,20.0
