,control,test,control_N,test_N,effect_size,is_paired,difference,ci,bca_low,bca_high,pvalue_permutation,pvalue_welch,statistic_welch,pvalue_students_t,statistic_students_t,pvalue_mann_whitney,statistic_mann_whitney
0,SSs1_Dp2Yey,SSs1_WT,7,7,mean difference,False,-888.1945977365192,95,-1555.8942118177602,45.948221398021815,0.062,0.06448294931774831,2.0462187144304598,0.06329271624874004,2.0462187144304598,0.12820512820512822,37.0
1,SSs2/3_Dp2Yey,SSs2/3_WT,7,7,mean difference,False,-812.9804241652191,95,-1854.6925782347328,185.71346682519743,0.1808,0.18213535186771476,1.4252901034436072,0.17956181554941353,1.4252901034436076,0.25932400932400934,34.0
2,SSs4_Dp2Yey,SSs4_WT,7,6,mean difference,False,490.58788228940625,95,-936.8038832979041,1996.2713892124368,0.5526,0.5657658173863387,-0.5945300510854395,0.5576737153932375,-0.6046563990310767,0.5337995337995338,16.0
3,SSs5_Dp2Yey,SSs5_WT,7,6,mean difference,False,255.90588851060988,95,-1121.5460922449467,1269.232825131724,0.7008,0.7023111978427727,-0.3923282622420021,0.7063990123506434,-0.38663781688310633,0.6282051282051282,17.0
4,SSs6a_Dp2Yey,SSs6a_WT,7,7,mean difference,False,269.35337019305473,95,-702.30019421952,998.3635343489532,0.574,0.5755816284659625,-0.5756211165131948,0.5755070144244343,-0.5756211165131948,0.534965034965035,19.0
