,control,test,control_N,test_N,effect_size,is_paired,difference,ci,bca_low,bca_high,pvalue_permutation,pvalue_welch,statistic_welch,pvalue_students_t,statistic_students_t,pvalue_mann_whitney,statistic_mann_whitney
0,COAa_Dp2Yey,COAa_WT,7,7,mean difference,False,-462.4114359094349,95,-1111.0888937224117,149.603033911691,0.205,0.20335240994356868,1.3455063743878557,0.20333520707463332,1.3455063743878555,0.31759906759906764,33.0
1,COAp_Dp2Yey,COAp_WT,6,7,mean difference,False,-332.9027399764951,95,-780.6204071764644,210.8670599253478,0.2556,0.2588063230916477,1.194677216950047,0.2544341892585535,1.2024498427477055,0.13752913752913754,32.0
