,control,test,control_N,test_N,effect_size,is_paired,difference,ci,bca_low,bca_high,pvalue_permutation,pvalue_welch,statistic_welch,pvalue_students_t,statistic_students_t,pvalue_mann_whitney,statistic_mann_whitney
0,SSp-m1_Dp2Yey,SSp-m1_WT,6,6,mean difference,False,-132.58466888453086,95,-774.3450400244726,571.2648229246388,0.707,0.7270941463132743,0.36017108921117147,0.7262100685420948,0.3601710892111715,1.0,18.0
1,SSp-m2/3_Dp2Yey,SSp-m2/3_WT,6,6,mean difference,False,-361.2662505756698,95,-1440.2581544756686,628.4976324308045,0.526,0.5381099882734022,0.6376479642958571,0.5380284036258067,0.6376479642958571,0.5887445887445888,22.0
2,SSp-m4_Dp2Yey,SSp-m4_WT,6,6,mean difference,False,-40.96477419482835,95,-2736.9185993456995,2802.144690949679,0.9754,0.9794959455065613,0.026375179561413584,0.9794770104037875,0.026375179561413584,1.0,18.0
3,SSp-m5_Dp2Yey,SSp-m5_WT,4,5,mean difference,False,-2257.5109769113133,95,-4198.459490991079,255.73400039178523,0.126,0.1286113172876264,1.7442508918288013,0.1226664903706495,1.7551566924813162,0.19047619047619047,16.0
