,control,test,control_N,test_N,effect_size,is_paired,difference,ci,bca_low,bca_high,pvalue_permutation,pvalue_welch,statistic_welch,pvalue_students_t,statistic_students_t,pvalue_mann_whitney,statistic_mann_whitney
0,SSs1_Dp2Yey,SSs1_WT,6,8,mean difference,False,105.1108886118891,95,-1271.2414858707875,1602.0118596631494,0.9212,0.8990972118837555,-0.1295131023721329,0.9036972700502075,-0.12357528754222329,0.7545787545787546,27.0
1,SSs2/3_Dp2Yey,SSs2/3_WT,6,8,mean difference,False,107.77987691632302,95,-584.4785863028326,1111.374991256018,0.8526,0.8188311880696566,-0.23459929443441327,0.8334708510958363,-0.2148780324085249,0.8518148518148518,26.0
2,SSs4_Dp2Yey,SSs4_WT,6,6,mean difference,False,107.81276395078112,95,-73.9261139808256,304.146317403073,0.2848,0.34559355494205074,-1.0005686873163366,0.34063119891688676,-1.0005686873163366,0.3939393939393939,12.0
3,SSs5_Dp2Yey,SSs5_WT,6,8,mean difference,False,-2.5297271509256802,95,-90.7097432803296,163.18189251018896,0.9802,0.9688588427022631,0.03997044022630659,0.9716177275559397,0.036328544085985265,0.5727605727605728,29.0
4,SSs6a_Dp2Yey,SSs6a_WT,6,8,mean difference,False,-30.020289217717846,95,-127.00527980245008,125.98902044627731,0.6986,0.6596335860616103,0.4516132129058087,0.6768106479752503,0.427183082732645,0.4135864135864136,31.0
5,SSs6b_Dp2Yey,SSs6b_WT,6,3,mean difference,False,98.857701236606,95,-26.408142880701178,243.12807640106627,0.1258,0.33669122588620226,-1.180810015797309,0.17859829655391654,-1.494869871015228,0.16666666666666666,3.0
