,control,test,control_N,test_N,effect_size,is_paired,difference,ci,bca_low,bca_high,pvalue_permutation,pvalue_welch,statistic_welch,pvalue_students_t,statistic_students_t,pvalue_mann_whitney,statistic_mann_whitney
0,LH_Dp2Yey,LH_WT,6,8,mean difference,False,-469.4456317142369,95,-1121.0570212896607,316.28888409958336,0.2484,0.26758439150396135,1.1761545536494986,0.2498952599754819,1.2091354689341551,0.2823842823842824,33.0
1,MH_Dp2Yey,MH_WT,6,8,mean difference,False,-388.0141373905401,95,-906.4216166921722,207.33324667184877,0.1914,0.24448894941147156,1.2704988048634485,0.1895650119669976,1.390709747695968,0.2823842823842824,33.0
