,control,test,control_N,test_N,effect_size,is_paired,difference,ci,bca_low,bca_high,pvalue_permutation,pvalue_welch,statistic_welch,pvalue_students_t,statistic_students_t,pvalue_mann_whitney,statistic_mann_whitney
0,ILA1_Dp2Yey,ILA1_WT,6,6,mean difference,False,189.06116739980052,95,-3115.7351059471566,1918.1074505272702,0.9124,0.8909329270211497,-0.14225901849702552,0.8897007849428793,-0.14225901849702552,0.3939393939393939,12.0
1,ILA2/3_Dp2Yey,ILA2/3_WT,6,6,mean difference,False,2462.5299071598547,95,-273.89819121109895,4886.380417817416,0.1224,0.11841772407828016,-1.709222482087177,0.11820472094908327,-1.7092224820871773,0.13203463203463203,8.0
2,ILA5_Dp2Yey,ILA5_WT,6,6,mean difference,False,1624.8175840910917,95,-1111.9413599549462,3983.572812481866,0.2634,0.27457161649730666,-1.1563702694726319,0.27440808663874455,-1.1563702694726319,0.24025974025974026,10.0
3,ILA6a_Dp2Yey,ILA6a_WT,6,6,mean difference,False,1399.7284249434283,95,244.62115211068658,2601.2867591821164,0.0618,0.06651398013270397,-2.0801264777510853,0.06418417978178449,-2.0801264777510853,0.13203463203463203,8.0
4,ILA6b_Dp2Yey,ILA6b_WT,4,5,mean difference,False,-1181.8118003710224,95,-2409.484431764376,727.594201631297,0.219,0.24475084330774657,1.3325253685236558,0.19890208672083928,1.4188334193045073,0.2857142857142857,15.0
