,control,test,control_N,test_N,effect_size,is_paired,difference,ci,bca_low,bca_high,pvalue_permutation,pvalue_welch,statistic_welch,pvalue_students_t,statistic_students_t,pvalue_mann_whitney,statistic_mann_whitney
0,ORBl2/3_Dp2Yey,ORBl2/3_WT,5,2,mean difference,False,-3067.7145241554695,95,-4938.1190588113,-958.6317790709093,0.2318,0.05593511351782439,2.6633300042556862,0.1719852287325445,1.5932451794549758,0.38095238095238093,8.0
1,ORBl5_Dp2Yey,ORBl5_WT,6,6,mean difference,False,-1549.0120871681227,95,-2741.6565405757383,-5.043712791431972,0.0658,0.061435614139167954,2.1063843716716995,0.06141450068789509,2.1063843716717,0.06493506493506493,30.0
2,ORBl6a_Dp2Yey,ORBl6a_WT,6,5,mean difference,False,-145.92941946743144,95,-1057.0727544529664,2014.5962366007568,0.8726,0.8546787591745693,0.19229677098838263,0.8413877814619425,0.20598364286021642,0.42857142857142855,20.0
3,ORBl6b_Dp2Yey,ORBl6b_WT,2,5,mean difference,False,102.93341105751142,95,-856.0309287381058,1567.8054653895852,0.905,0.883151819112277,-0.15595424377992073,0.9281980455649365,-0.09474386873805604,0.8571428571428571,6.0
