,control,test,control_N,test_N,effect_size,is_paired,difference,ci,bca_low,bca_high,pvalue_permutation,pvalue_welch,statistic_welch,pvalue_students_t,statistic_students_t,pvalue_mann_whitney,statistic_mann_whitney
0,V3_Dp2Yey,V3_WT,7,7,mean difference,False,-345.3855633029618,95,-707.5833952386654,47.700697561948346,0.1314,0.1240760310028188,1.6561682192495821,0.12358311501777167,1.6561682192495821,0.20862470862470864,35.0
1,VL_Dp2Yey,VL_WT,7,6,mean difference,False,130.34563381389557,95,-551.7797873041833,751.9694573897416,0.7208,0.7282560851057609,-0.3580485234167386,0.7214076643620692,-0.36586065926670985,0.6282051282051282,17.0
