,control,test,control_N,test_N,effect_size,is_paired,difference,ci,bca_low,bca_high,pvalue_permutation,pvalue_welch,statistic_welch,pvalue_students_t,statistic_students_t,pvalue_mann_whitney,statistic_mann_whitney
0,BLAa_Dp2Yey,BLAa_WT,7,6,mean difference,False,14.967866521728183,95,-481.83613540048384,404.66049597869767,0.9638,0.9518779104562642,-0.061970200520190324,0.9538696691310833,-0.0591806636976154,0.36596736596736595,14.0
1,BLAp_Dp2Yey,BLAp_WT,5,6,mean difference,False,154.74938911052732,95,-1326.0464043338168,1049.8051162334446,0.8378,0.8173218156942148,-0.23870167903514464,0.8139741656996554,-0.24230635918115434,0.6623376623376623,12.0
2,BLAv_Dp2Yey,BLAv_WT,4,5,mean difference,False,-752.9399437029183,95,-3449.8804939402416,679.2522270561581,0.642,0.5690689275187301,0.6270824793822316,0.5087907016580515,0.6961358363014005,0.9047619047619049,9.0
