,control,test,control_N,test_N,effect_size,is_paired,difference,ci,bca_low,bca_high,pvalue_permutation,pvalue_welch,statistic_welch,pvalue_students_t,statistic_students_t,pvalue_mann_whitney,statistic_mann_whitney
0,CA1_Dp2Yey,CA1_WT,7,7,mean difference,False,60.95719917115645,95,-289.31300077747693,612.1787962385399,0.8044,0.7974589636665378,-0.2634694398912567,0.7966584231447034,-0.2634694398912567,0.9015151515151516,26.0
1,CA2_Dp2Yey,CA2_WT,6,7,mean difference,False,241.03252704283892,95,-223.5394091197839,624.1299080012498,0.3192,0.31743770513546077,-1.0473383469956536,0.3225580552654088,-1.035736981498146,0.2948717948717949,13.0
2,CA3_Dp2Yey,CA3_WT,7,7,mean difference,False,-1.9925426304561142,95,-370.6349061273386,361.1164756438948,0.991,0.9921951923867347,0.009994009981981295,0.9921902956503311,0.009994009981981295,1.0,25.0
