,control,test,control_N,test_N,effect_size,is_paired,difference,ci,bca_low,bca_high,pvalue_permutation,pvalue_welch,statistic_welch,pvalue_students_t,statistic_students_t,pvalue_mann_whitney,statistic_mann_whitney
0,amc_Dp2Yey,amc_WT,5,4,mean difference,False,247.25485951098392,95,-599.7836367259308,733.6335193737652,0.6372,0.5451260272105635,-0.6520921120061844,0.5773791927352464,-0.5842626100715549,0.19047619047619047,4.0
1,cing_Dp2Yey,cing_WT,6,5,mean difference,False,606.025831988138,95,-95.7566246101864,2335.8680121718908,0.3406,0.37303411599875574,-0.9924394881363601,0.30469605934366245,-1.0884188112133568,0.32900432900432897,9.0
2,st_Dp2Yey,st_WT,6,6,mean difference,False,223.59516772169553,95,46.42016384790867,466.3608454514007,0.0578,0.09565954626699802,-1.9202545766304107,0.08377369409291224,-1.9202545766304107,0.06493506493506493,6.0
