,control,test,control_N,test_N,effect_size,is_paired,difference,ci,bca_low,bca_high,pvalue_permutation,pvalue_welch,statistic_welch,pvalue_students_t,statistic_students_t,pvalue_mann_whitney,statistic_mann_whitney
0,BA_Dp2Yey,BA_WT,5,5,mean difference,False,-416.27960187027065,95,-1497.6583505808558,880.6225723522335,0.519,0.5446015338874445,0.6327394961653983,0.5445609924387247,0.6327394961653983,0.5476190476190477,16.0
1,CEA_Dp2Yey,CEA_WT,7,6,mean difference,False,-322.0071765477666,95,-689.1262072408396,74.86431744480655,0.1692,0.15936416017190605,1.5208303256603997,0.1717672881652854,1.4618049653679868,0.36596736596736595,28.0
2,IA_Dp2Yey,IA_WT,4,4,mean difference,False,-363.73627519120623,95,-1091.4075542553005,187.9865153494652,0.5344,0.39022010022468323,0.959603156710662,0.37431162730240336,0.959603156710662,0.8857142857142857,9.0
3,MEA_Dp2Yey,MEA_WT,7,7,mean difference,False,-251.1615604566694,95,-495.14790637161605,-21.888976603643243,0.0976,0.09947466489215465,1.8651457181772888,0.08679078906392138,1.865145718177289,0.12820512820512822,37.0
