,control,test,control_N,test_N,effect_size,is_paired,difference,ci,bca_low,bca_high,pvalue_permutation,pvalue_welch,statistic_welch,pvalue_students_t,statistic_students_t,pvalue_mann_whitney,statistic_mann_whitney
0,PL1_Dp2Yey,PL1_WT,6,6,mean difference,False,1072.8599428629655,95,229.92417331402294,2094.6352700720736,0.087,0.07638748114907948,-2.0357254902820885,0.06913977932348005,-2.0357254902820885,0.13203463203463203,8.0
1,PL2/3_Dp2Yey,PL2/3_WT,6,6,mean difference,False,2163.07942480163,95,214.57684928911567,3880.825536871519,0.0632,0.06979908726235791,-2.088180375964885,0.06332224670079646,-2.0881803759648854,0.13203463203463203,8.0
2,PL5_Dp2Yey,PL5_WT,6,6,mean difference,False,1355.5768861212073,95,355.1655752323495,2652.3371110202215,0.0678,0.06053092407564113,-2.132355578990339,0.05878750323823732,-2.132355578990339,0.17965367965367965,9.0
3,PL6a_Dp2Yey,PL6a_WT,6,6,mean difference,False,2320.693378982642,95,1230.772266662258,3636.7413731756747,0.0006,0.006213410006313009,-3.474013621308981,0.005980798396382782,-3.474013621308981,0.004329004329004329,1.0
4,PL6b_Dp2Yey,PL6b_WT,3,5,mean difference,False,309.19150248472533,95,-1721.7751114040739,2089.8936669960217,0.8192,0.7972681275636955,-0.27038441053597534,0.8079609171614485,-0.25402031616678017,1.0,8.0
