,control,test,control_N,test_N,effect_size,is_paired,difference,ci,bca_low,bca_high,pvalue_permutation,pvalue_welch,statistic_welch,pvalue_students_t,statistic_students_t,pvalue_mann_whitney,statistic_mann_whitney
0,V3_Dp2Yey,V3_WT,6,6,mean difference,False,105.38638564174971,95,-682.4210659183543,641.4058944462028,0.7862,0.7824343780404779,-0.28795042248603375,0.7792642773268563,-0.28795042248603375,0.3939393939393939,12.0
1,VL_Dp2Yey,VL_WT,6,6,mean difference,False,-141.6650150799158,95,-1064.0792218856623,347.1188562556494,0.804,0.7212063235627173,0.3716003502554246,0.7179429960335628,0.3716003502554246,0.9372294372294373,17.0
