,control,test,control_N,test_N,effect_size,is_paired,difference,ci,bca_low,bca_high,pvalue_permutation,pvalue_welch,statistic_welch,pvalue_students_t,statistic_students_t,pvalue_mann_whitney,statistic_mann_whitney
0,RSPd5_Dp2Yey,RSPd5_WT,4,4,mean difference,False,-881.5143837397225,95,-1697.9297001429559,-122.29879574324951,0.031,0.13673324778631482,1.8716146220408034,0.11043135598321654,1.8716146220408034,0.05714285714285714,15.0
1,RSPd6a_Dp2Yey,RSPd6a_WT,5,6,mean difference,False,-924.9702024497025,95,-1728.9924973586171,-186.5797413525786,0.0548,0.07046519439943164,2.0797481371730613,0.06459422271993892,2.104978558665676,0.05194805194805195,26.0
2,RSPd6b_Dp2Yey,RSPd6b_WT,4,3,mean difference,False,457.6733640301718,95,-1455.7958045808834,2370.449049938571,0.5144,0.7307160357490541,-0.3665830986951326,0.7288099908671786,-0.36675655642963545,0.6285714285714286,4.0
