,control,test,control_N,test_N,effect_size,is_paired,difference,ci,bca_low,bca_high,pvalue_permutation,pvalue_welch,statistic_welch,pvalue_students_t,statistic_students_t,pvalue_mann_whitney,statistic_mann_whitney
0,AIv1_Dp2Yey,AIv1_WT,6,6,mean difference,False,245.74476243991558,95,-410.0040107442387,994.4106333654086,0.535,0.5400148662259135,-0.634473240739299,0.5400148321537425,-0.634473240739299,0.6991341991341992,15.0
1,AIv2/3_Dp2Yey,AIv2/3_WT,6,6,mean difference,False,64.84178731619431,95,-846.7148835999687,1124.0225780908677,0.9092,0.9056392727433664,-0.12185018999724327,0.9054315130255728,-0.12185018999724327,1.0,18.0
2,AIv5_Dp2Yey,AIv5_WT,6,6,mean difference,False,961.4028959964262,95,-310.93015891907,2308.8580670520832,0.2248,0.21603701803558154,-1.3213909152526258,0.2158050267870722,-1.3213909152526258,0.24025974025974026,10.0
3,AIv6a_Dp2Yey,AIv6a_WT,6,6,mean difference,False,462.1300055904212,95,-1276.7884438475394,2664.9265176339545,0.6756,0.6801658130114672,-0.4247811156038454,0.6799909542981974,-0.4247811156038454,0.6991341991341992,15.0
