,control,test,control_N,test_N,effect_size,is_paired,difference,ci,bca_low,bca_high,pvalue_permutation,pvalue_welch,statistic_welch,pvalue_students_t,statistic_students_t,pvalue_mann_whitney,statistic_mann_whitney
0,SSp-tr1_Dp2Yey,SSp-tr1_WT,5,5,mean difference,False,-527.130842222725,95,-1207.1948296678283,218.395560397356,0.183,0.2326998148112551,1.2976189399172027,0.23058210151158323,1.2976189399172025,0.05555555555555555,22.0
1,SSp-tr2/3_Dp2Yey,SSp-tr2/3_WT,6,5,mean difference,False,-220.7077643271441,95,-834.2495920445403,287.78296142923375,0.5052,0.5028715490899223,0.6988097413003914,0.5176529714011631,0.6733296959973679,0.7922077922077921,17.0
2,SSp-tr4_Dp2Yey,SSp-tr4_WT,6,6,mean difference,False,-155.54364591504213,95,-765.4756283889961,421.7383157093773,0.6288,0.6457959660388602,0.4738354202041761,0.6457928396740373,0.47383542020417624,0.48484848484848486,23.0
3,SSp-tr5_Dp2Yey,SSp-tr5_WT,6,6,mean difference,False,131.010914035263,95,-496.7809185789358,673.6216652837373,0.6852,0.6956194909303721,-0.4039111336972696,0.694780525348994,-0.4039111336972697,0.8181818181818182,16.0
4,SSp-tr6a_Dp2Yey,SSp-tr6a_WT,6,6,mean difference,False,158.78430140945886,95,-415.63802254203495,615.3694899044168,0.5676,0.584457970731391,-0.5663005911202049,0.5836740665022003,-0.5663005911202049,0.6991341991341992,15.0
5,SSp-tr6b_Dp2Yey,SSp-tr6b_WT,6,6,mean difference,False,333.8093514801468,95,-290.7188882841143,934.6764043190498,0.316,0.34602291159747667,-0.9895774781160002,0.34572007740095545,-0.9895774781160002,0.30952380952380953,11.0
