,control,test,control_N,test_N,effect_size,is_paired,difference,ci,bca_low,bca_high,pvalue_permutation,pvalue_welch,statistic_welch,pvalue_students_t,statistic_students_t,pvalue_mann_whitney,statistic_mann_whitney
0,LH_Dp2Yey,LH_WT,6,6,mean difference,False,116.18559921933547,95,-397.7952141350713,548.9956555241265,0.5586,0.6699318975622472,-0.43920665880409465,0.6698503372659571,-0.43920665880409465,0.3939393939393939,12.0
1,MH_Dp2Yey,MH_WT,6,6,mean difference,False,719.444158246539,95,157.9305829844409,1264.9273609420063,0.0434,0.04332908586902506,-2.3583984153986735,0.04006257441832073,-2.3583984153986735,0.04112554112554113,5.0
