,control,test,control_N,test_N,effect_size,is_paired,difference,ci,bca_low,bca_high,pvalue_permutation,pvalue_welch,statistic_welch,pvalue_students_t,statistic_students_t,pvalue_mann_whitney,statistic_mann_whitney
0,AUDp1_Dp2Yey,AUDp1_WT,4,4,mean difference,False,-541.5839603091977,95,-2607.891171880355,617.6108608120842,0.7294,0.5903250885382816,0.591743358958525,0.575624457972941,0.591743358958525,0.8857142857142857,7.0
1,AUDp2/3_Dp2Yey,AUDp2/3_WT,4,6,mean difference,False,-300.94494064012406,95,-1576.0838347818628,686.3594040947598,0.6312,0.6637149323197717,0.4601804486418372,0.637912948468297,0.48907751173406966,0.7619047619047619,14.0
