,control,test,control_N,test_N,effect_size,is_paired,difference,ci,bca_low,bca_high,pvalue_permutation,pvalue_welch,statistic_welch,pvalue_students_t,statistic_students_t,pvalue_mann_whitney,statistic_mann_whitney
0,GPe_Dp2Yey,GPe_WT,7,6,mean difference,False,2.310697335908685,95,-303.1576979482149,274.07372448785645,0.9892,0.9886675047369782,-0.014531682756808707,0.9888921045902043,-0.014241790770409235,0.8356643356643356,19.0
1,GPi_Dp2Yey,GPi_WT,5,4,mean difference,False,54.040715322159656,95,-391.0112581451521,454.1450505781277,0.7388,0.8456137005902045,-0.2020782013122323,0.8511034012612159,-0.194772568030405,0.2857142857142857,5.0
