,control,test,control_N,test_N,effect_size,is_paired,difference,ci,bca_low,bca_high,pvalue_permutation,pvalue_welch,statistic_welch,pvalue_students_t,statistic_students_t,pvalue_mann_whitney,statistic_mann_whitney
0,AUDv1_Dp2Yey,AUDv1_WT,7,7,mean difference,False,-345.8398200096076,95,-956.7940095659415,305.3623458005211,0.3378,0.34585503025993636,0.9891550168275544,0.3421134543608061,0.9891550168275546,0.3828671328671329,32.0
1,AUDv2/3_Dp2Yey,AUDv2/3_WT,7,7,mean difference,False,-528.0370075251935,95,-2058.7178355269443,892.6445079990331,0.526,0.5396492138470388,0.6347554131940103,0.5375024795756271,0.6347554131940103,0.6200466200466201,29.0
2,AUDv4_Dp2Yey,AUDv4_WT,6,5,mean difference,False,610.0060501119881,95,-400.46275807736765,2771.186308053579,0.5904,0.49150345366658654,-0.7442227061127642,0.4408750882512251,-0.8062617657751836,0.9307359307359306,14.0
3,AUDv5_Dp2Yey,AUDv5_WT,6,6,mean difference,False,6.100236250370926,95,-844.5774032742256,1652.7207954150265,0.991,0.9926467293736042,-0.009543113434012164,0.9925735131024859,-0.009543113434012164,0.48484848484848486,23.0
4,AUDv6a_Dp2Yey,AUDv6a_WT,3,5,mean difference,False,290.32380299911733,95,-1566.3016400029314,2034.6773447191492,0.8426,0.7909958780930976,-0.2773514997402355,0.8145617267805902,-0.24507967908983377,1.0,8.0
