,control,test,control_N,test_N,effect_size,is_paired,difference,ci,bca_low,bca_high,pvalue_permutation,pvalue_welch,statistic_welch,pvalue_students_t,statistic_students_t,pvalue_mann_whitney,statistic_mann_whitney
0,ILA1_Dp2Yey,ILA1_WT,7,6,mean difference,False,-441.06291300161536,95,-1363.5625241097823,80.78830121765992,0.33,0.2730282567960317,1.1839586093492376,0.29222687465358443,1.1062452950234591,0.4452214452214452,27.0
1,ILA2/3_Dp2Yey,ILA2/3_WT,7,6,mean difference,False,-743.7720497896619,95,-2456.212511729436,61.83189986944532,0.4314,0.2692014535685192,1.213759400833965,0.28705346147454186,1.1188212785693228,1.0,21.0
2,ILA5_Dp2Yey,ILA5_WT,7,6,mean difference,False,-223.28575770971275,95,-664.2985771181397,217.40371873721136,0.3866,0.38039192230001806,0.9189680352079387,0.39753207701299076,0.8802801563356403,0.6282051282051282,25.0
3,ILA6a_Dp2Yey,ILA6a_WT,7,5,mean difference,False,-145.01191202528594,95,-730.8301583503661,538.8353945310073,0.738,0.691815268901971,0.410707783087391,0.7273425305304736,0.35860946229914586,0.8762626262626263,19.0
