,control,test,control_N,test_N,effect_size,is_paired,difference,ci,bca_low,bca_high,pvalue_permutation,pvalue_welch,statistic_welch,pvalue_students_t,statistic_students_t,pvalue_mann_whitney,statistic_mann_whitney
0,ACAd1_Dp2Yey,ACAd1_WT,6,7,mean difference,False,-493.9512192919101,95,-1819.1941016276749,1527.3601195927163,0.6178,0.5860664902110608,0.5638146659838368,0.6011642720280841,0.5381923967743811,0.18065268065268064,31.0
1,ACAd2/3_Dp2Yey,ACAd2/3_WT,6,7,mean difference,False,-2233.5354627956444,95,-4416.959872966642,-129.430266715342,0.0906,0.08305075578348572,1.90637056217495,0.08671215747310845,1.880850935069567,0.10139860139860139,33.0
2,ACAd5_Dp2Yey,ACAd5_WT,6,6,mean difference,False,-1940.5122881725297,95,-3468.2631167413206,-745.6339882744064,0.0162,0.0353175063799681,2.570839997120648,0.027850508803037875,2.570839997120648,0.015151515151515152,33.0
3,ACAd6a_Dp2Yey,ACAd6a_WT,5,5,mean difference,False,-978.3796739562695,95,-2216.839723022507,-180.92463910236256,0.0804,0.13127079671529662,1.7371964482740205,0.12055690563696073,1.7371964482740205,0.05555555555555555,22.0
