,control,test,control_N,test_N,effect_size,is_paired,difference,ci,bca_low,bca_high,pvalue_permutation,pvalue_welch,statistic_welch,pvalue_students_t,statistic_students_t,pvalue_mann_whitney,statistic_mann_whitney
0,DG-mo_Dp2Yey,DG-mo_WT,6,6,mean difference,False,363.39822386322567,95,75.46776285613646,600.1646619313799,0.025,0.03382068989626131,-2.4967370627845016,0.03162312920707485,-2.4967370627845016,0.025974025974025976,4.0
1,DG-po_Dp2Yey,DG-po_WT,5,6,mean difference,False,275.8630480225458,95,-116.06916851882295,501.2868818509636,0.1172,0.1409357199477166,-1.6720493624384882,0.1151862455475516,-1.743662116057147,0.08225108225108226,5.0
2,DG-sg_Dp2Yey,DG-sg_WT,6,6,mean difference,False,317.6748452702997,95,58.35550296317655,549.4712329413296,0.0446,0.042239487915061,-2.3283289056088083,0.04217012198951929,-2.3283289056088083,0.06493506493506493,6.0
