,control,test,control_N,test_N,effect_size,is_paired,difference,ci,bca_low,bca_high,pvalue_permutation,pvalue_welch,statistic_welch,pvalue_students_t,statistic_students_t,pvalue_mann_whitney,statistic_mann_whitney
0,ACB_Dp2Yey,ACB_WT,6,2,mean difference,False,2.169688431743964,95,-84.71261399146965,98.5256164724452,0.9786,0.9684781904290614,-0.04140140883734012,0.982342228920273,-0.023070402852820502,1.0,6.0
1,OT_Dp2Yey,OT_WT,5,6,mean difference,False,-373.4112852435345,95,-811.9619939408109,122.71955518312427,0.2024,0.19906387182974494,1.408079077145612,0.21810758038270978,1.3241090475280135,0.32900432900432897,21.0
