,control,test,control_N,test_N,effect_size,is_paired,difference,ci,bca_low,bca_high,pvalue_permutation,pvalue_welch,statistic_welch,pvalue_students_t,statistic_students_t,pvalue_mann_whitney,statistic_mann_whitney
0,alv_Dp2Yey,alv_WT,7,6,mean difference,False,371.27420028399047,95,-214.60829637840754,1013.0293707773886,0.2822,0.3148729996439679,-1.0825587712034228,0.2783771073362338,-1.1403103833479362,0.6282051282051282,17.0
1,fi_Dp2Yey,fi_WT,7,6,mean difference,False,-2.7984660546934492,95,-399.90007813027444,260.3363460471398,0.988,0.9878237465528512,0.015616064042737663,0.988097118185727,0.015261151910695324,0.5337995337995338,16.0
