,control,test,control_N,test_N,effect_size,is_paired,difference,ci,bca_low,bca_high,pvalue_permutation,pvalue_welch,statistic_welch,pvalue_students_t,statistic_students_t,pvalue_mann_whitney,statistic_mann_whitney
0,LP_Dp2Yey,LP_WT,6,6,mean difference,False,72.96770211286662,95,-136.68865787777042,204.02804921890038,0.4514,0.4385920967010545,-0.8073757303105207,0.4382322489617818,-0.8073757303105207,0.30952380952380953,11.0
1,PO_Dp2Yey,PO_WT,6,6,mean difference,False,124.50276583943918,95,-229.85609245647225,413.9996350902789,0.4764,0.5047562684579716,-0.6921705159669939,0.5045844870862843,-0.692170515966994,0.30952380952380953,11.0
