,control,test,control_N,test_N,effect_size,is_paired,difference,ci,bca_low,bca_high,pvalue_permutation,pvalue_welch,statistic_welch,pvalue_students_t,statistic_students_t,pvalue_mann_whitney,statistic_mann_whitney
0,MOs1_Dp2Yey,MOs1_WT,6,6,mean difference,False,564.8601028250537,95,-429.57116593984483,1683.2364373166183,0.364,0.3611804137016981,-0.9680610595304356,0.35584357512638476,-0.9680610595304356,0.6991341991341992,15.0
1,MOs2/3_Dp2Yey,MOs2/3_WT,6,6,mean difference,False,1681.7920933216237,95,775.0939570163928,2850.2812950465586,0.0046,0.01534294333300172,-2.9496235835462166,0.01454402426029799,-2.9496235835462166,0.008658008658008658,2.0
2,MOs5_Dp2Yey,MOs5_WT,6,6,mean difference,False,1365.1812374067704,95,470.6286289001973,2544.6447344604358,0.0406,0.035824060775439495,-2.4239172824395494,0.03582087465957428,-2.4239172824395494,0.06493506493506493,6.0
3,MOs6a_Dp2Yey,MOs6a_WT,6,6,mean difference,False,1790.6393978523356,95,805.5996653627162,3017.9166282676483,0.0098,0.01480595120084949,-2.941320370757988,0.014752144402784011,-2.941320370757989,0.025974025974025976,4.0
4,MOs6b_Dp2Yey,MOs6b_WT,4,5,mean difference,False,-33.24621075164487,95,-1258.753708232637,1823.5445969331986,0.9728,0.9700230753950807,0.038963340729711006,0.9713514154230994,0.03721659590681208,1.0,10.0
