,control,test,control_N,test_N,effect_size,is_paired,difference,ci,bca_low,bca_high,pvalue_permutation,pvalue_welch,statistic_welch,pvalue_students_t,statistic_students_t,pvalue_mann_whitney,statistic_mann_whitney
0,amc_Dp2Yey,amc_WT,6,6,mean difference,False,-176.8982695266185,95,-574.3630272618512,442.56512418843056,0.5242,0.5422863116528204,0.6330795221710322,0.5408882220926308,0.6330795221710324,0.3939393939393939,24.0
1,cing_Dp2Yey,cing_WT,6,6,mean difference,False,75.56110123445887,95,-333.8925957005654,499.9346210250676,0.74,0.755820271489049,-0.3202248696997991,0.7553886166935417,-0.3202248696997991,0.8181818181818182,16.0
2,st_Dp2Yey,st_WT,6,6,mean difference,False,15.568086749521626,95,-295.39006107292187,379.1797703051121,0.9298,0.9362493870396229,-0.08215440831750535,0.9361450684860706,-0.08215440831750535,0.9372294372294373,17.0
