,control,test,control_N,test_N,effect_size,is_paired,difference,ci,bca_low,bca_high,pvalue_permutation,pvalue_welch,statistic_welch,pvalue_students_t,statistic_students_t,pvalue_mann_whitney,statistic_mann_whitney
0,ARH_Dp2Yey,ARH_WT,5,6,mean difference,False,545.0171684359127,95,184.09549051552193,889.7430450059132,0.0318,0.026033937452497657,-2.667807218754255,0.029491388515794054,-2.5842277014759527,0.05194805194805195,4.0
1,PVH_Dp2Yey,PVH_WT,5,2,mean difference,False,134.2994862372467,95,-806.8127510287983,681.9611598949288,0.7876,0.7612828095530829,-0.3213316969524211,0.8345636982085396,-0.2200103203084166,0.38095238095238093,2.0
2,PVi_Dp2Yey,PVi_WT,7,4,mean difference,False,37.90403638321675,95,-530.3701111405503,451.6246979646446,0.8942,0.8916837309973269,-0.14015137510215023,0.9053130889631746,-0.12234636587318937,0.9272727272727272,13.0
