,control,test,control_N,test_N,effect_size,is_paired,difference,ci,bca_low,bca_high,pvalue_permutation,pvalue_welch,statistic_welch,pvalue_students_t,statistic_students_t,pvalue_mann_whitney,statistic_mann_whitney
0,cing_Dp2Yey,cing_WT,6,8,mean difference,False,31.756557109288423,95,-95.21857796594512,194.63439060790833,0.7124,0.6969967543356657,-0.3990275559694017,0.7148707648213113,-0.3740801205373435,1.0,24.0
1,st_Dp2Yey,st_WT,6,8,mean difference,False,-199.2645308802928,95,-655.3820093086629,367.1457987080216,0.477,0.4928629947879569,0.7099360123500204,0.489460241289571,0.7130321352040238,0.4135864135864136,31.0
