,control,test,control_N,test_N,effect_size,is_paired,difference,ci,bca_low,bca_high,pvalue_permutation,pvalue_welch,statistic_welch,pvalue_students_t,statistic_students_t,pvalue_mann_whitney,statistic_mann_whitney
0,HY_Dp2Yey,HY_WT,6,8,mean difference,False,-223.79530074399906,95,-684.7832522718063,268.7118758426965,0.418,0.41325521758538664,0.8486307176831598,0.4215805045087232,0.8321420682600045,0.2823842823842824,33.0
1,TH_Dp2Yey,TH_WT,6,8,mean difference,False,-127.43345615570905,95,-355.46333900128195,84.5003815066604,0.2924,0.32682401768655234,1.0357760101676228,0.3026936660637098,1.0769116161531629,0.344988344988345,32.0
