,control,test,control_N,test_N,effect_size,is_paired,difference,ci,bca_low,bca_high,pvalue_permutation,pvalue_welch,statistic_welch,pvalue_students_t,statistic_students_t,pvalue_mann_whitney,statistic_mann_whitney
0,PL1_Dp2Yey,PL1_WT,7,6,mean difference,False,-334.20633099074564,95,-815.1482876471579,-10.933412770490236,0.1758,0.15658003140872304,1.5794981890012498,0.1685520092769997,1.473861685468053,0.2948717948717949,29.0
1,PL2/3_Dp2Yey,PL2/3_WT,7,6,mean difference,False,-212.54764899164763,95,-614.2191740060732,232.9846850006112,0.37,0.39050834178564564,0.898848838543655,0.38021081225948317,0.9142073098641129,0.4452214452214452,27.0
2,PL5_Dp2Yey,PL5_WT,7,6,mean difference,False,346.63341932936873,95,-314.99015938302637,893.8216564138285,0.305,0.3082498420726423,-1.069156419164782,0.3190224662878936,-1.0436919932060327,0.2948717948717949,13.0
3,PL6a_Dp2Yey,PL6a_WT,7,6,mean difference,False,840.1422170582525,95,-85.7908136091105,1690.4774134132892,0.1262,0.12260253986678908,-1.6850224605712905,0.1330072404500855,-1.622380763619551,0.13752913752913754,10.0
