,control,test,control_N,test_N,effect_size,is_paired,difference,ci,bca_low,bca_high,pvalue_permutation,pvalue_welch,statistic_welch,pvalue_students_t,statistic_students_t,pvalue_mann_whitney,statistic_mann_whitney
0,VISam1_Dp2Yey,VISam1_WT,5,4,mean difference,False,-563.8093447814144,95,-1123.3435452311423,154.23872321042438,0.2182,0.1764274247828827,1.5205486134161406,0.1984838148432163,1.4203278942014457,0.2857142857142857,15.0
1,VISam2/3_Dp2Yey,VISam2/3_WT,7,5,mean difference,False,404.7151653441142,95,-692.4753891484102,1266.295185104542,0.5352,0.4767579241672889,-0.7453753164823449,0.52939879842912,-0.6515196777386503,0.4318181818181819,12.0
2,VISam4_Dp2Yey,VISam4_WT,4,5,mean difference,False,-859.6522572120389,95,-3522.1780352584983,1631.778091123314,0.5614,0.5900474227215782,0.5672693054402135,0.5851156382044745,0.5721535535440765,0.4126984126984127,14.0
3,VISam5_Dp2Yey,VISam5_WT,5,6,mean difference,False,-797.9883219960593,95,-2507.1789194592657,902.911026425948,0.4288,0.4404102974155182,0.8075219357807981,0.44451520095656605,0.7996327243037059,0.5367965367965368,19.0
4,VISam6a_Dp2Yey,VISam6a_WT,4,5,mean difference,False,-733.336620993291,95,-2526.454249530117,1472.0964728115064,0.5042,0.5488854130831776,0.6303336464894613,0.5540543507929516,0.6213535165152764,0.5555555555555556,13.0
