,control,test,control_N,test_N,effect_size,is_paired,difference,ci,bca_low,bca_high,pvalue_permutation,pvalue_welch,statistic_welch,pvalue_students_t,statistic_students_t,pvalue_mann_whitney,statistic_mann_whitney
0,HY_Dp2Yey,HY_WT,7,7,mean difference,False,-201.5661303871193,95,-531.9769996695233,77.64846522874763,0.2616,0.2682848881391145,1.1955772176535353,0.25495353477058197,1.195577217653535,0.3828671328671329,32.0
1,TH_Dp2Yey,TH_WT,7,7,mean difference,False,-27.976080367959128,95,-126.79593888289637,82.43994054603507,0.6238,0.6299923060103667,0.4949040434678454,0.6296049203818117,0.4949040434678454,0.6200466200466201,29.0
