,control,test,control_N,test_N,effect_size,is_paired,difference,ci,bca_low,bca_high,pvalue_permutation,pvalue_welch,statistic_welch,pvalue_students_t,statistic_students_t,pvalue_mann_whitney,statistic_mann_whitney
0,MOp1_Dp2Yey,MOp1_WT,7,6,mean difference,False,15.414236850230509,95,-246.9276931551086,239.06962012978306,0.9024,0.9117909914623814,-0.11336763199706913,0.9134771998369944,-0.11117885609142142,0.6282051282051282,17.0
1,MOp2/3_Dp2Yey,MOp2/3_WT,7,6,mean difference,False,128.5941294999833,95,-237.1954171647892,402.0512610770334,0.5084,0.477750380464245,-0.7435299991028521,0.49784745124121454,-0.7010278729562597,0.18065268065268064,11.0
2,MOp5_Dp2Yey,MOp5_WT,7,6,mean difference,False,379.42202889700627,95,8.671639584037734,748.6486354050395,0.0746,0.10945887882456919,-1.850619073247542,0.07562576682389602,-1.961460946125028,0.2948717948717949,13.0
3,MOp6a_Dp2Yey,MOp6a_WT,4,5,mean difference,False,140.30318046670084,95,25.314109826751604,288.80234321589603,0.1262,0.12207337930758043,-1.8365332907874234,0.1386106950622247,-1.6711741315693953,0.06349206349206349,2.0
