,control,test,control_N,test_N,effect_size,is_paired,difference,ci,bca_low,bca_high,pvalue_permutation,pvalue_welch,statistic_welch,pvalue_students_t,statistic_students_t,pvalue_mann_whitney,statistic_mann_whitney
0,DG-mo_Dp2Yey,DG-mo_WT,7,6,mean difference,False,-49.60181152678115,95,-264.49996571932377,128.88787758601524,0.7112,0.6606479240920466,0.4574174475711601,0.677633556126691,0.4269767366469,1.0,21.0
1,DG-po_Dp2Yey,DG-po_WT,7,5,mean difference,False,91.84489062129148,95,-786.0306759147843,722.4274173552385,0.893,0.8307711855635213,-0.22025160295468513,0.8497028179405773,-0.1944686636441951,0.4318181818181819,12.0
2,DG-sg_Dp2Yey,DG-sg_WT,7,6,mean difference,False,63.08594698551747,95,-650.335232360748,744.3304050296505,0.863,0.8730184807945901,-0.16359321240676342,0.874822724169598,-0.16124640281732178,0.9452214452214451,20.0
