,control,test,control_N,test_N,effect_size,is_paired,difference,ci,bca_low,bca_high,pvalue_permutation,pvalue_welch,statistic_welch,pvalue_students_t,statistic_students_t,pvalue_mann_whitney,statistic_mann_whitney
0,LP_Dp2Yey,LP_WT,5,6,mean difference,False,-289.7246736087811,95,-511.5412968204707,40.42797213795109,0.0802,0.09726882087705642,1.9120212971974075,0.07927478740324766,1.9783114618722566,0.08225108225108226,25.0
1,PO_Dp2Yey,PO_WT,5,4,mean difference,False,57.798162412791555,95,-52.957144479944894,265.0357098071389,0.6262,0.5613841107812862,-0.642268918447501,0.49689955938387265,-0.7164751226752096,1.0,10.0
