,control,test,control_N,test_N,effect_size,is_paired,difference,ci,bca_low,bca_high,pvalue_permutation,pvalue_welch,statistic_welch,pvalue_students_t,statistic_students_t,pvalue_mann_whitney,statistic_mann_whitney
0,BLAa_Dp2Yey,BLAa_WT,6,6,mean difference,False,149.56067820883788,95,-248.23910082170403,566.5530994119463,0.496,0.5230395149914278,-0.6630059874423184,0.5223151085806723,-0.6630059874423184,0.3939393939393939,12.0
1,BLAp_Dp2Yey,BLAp_WT,6,6,mean difference,False,0.22743336323605945,95,-642.754769331795,707.8599858519565,0.9962,0.9995298556518999,-0.0006052643414100522,0.9995289731721191,-0.0006052643414100522,1.0,18.0
2,BLAv_Dp2Yey,BLAv_WT,6,6,mean difference,False,-112.33426371168753,95,-414.3321344598803,257.4460576434815,0.5414,0.5576244376933432,0.6129372505180247,0.553601200078345,0.6129372505180248,0.6991341991341992,21.0
