,control,test,control_N,test_N,effect_size,is_paired,difference,ci,bca_low,bca_high,pvalue_permutation,pvalue_welch,statistic_welch,pvalue_students_t,statistic_students_t,pvalue_mann_whitney,statistic_mann_whitney
0,CA1_Dp2Yey,CA1_WT,6,8,mean difference,False,-62.59336531139246,95,-222.95599704972662,102.52315346603507,0.4734,0.49991779032384587,0.699347066048127,0.4908909289651763,0.7106366486079019,0.662004662004662,28.0
1,CA2_Dp2Yey,CA2_WT,6,7,mean difference,False,16.17879396572053,95,-97.37254736970894,179.73132114238774,0.8588,0.835214232957235,-0.2136965388975881,0.8415738257884527,-0.2046620937627533,1.0,21.0
2,CA3_Dp2Yey,CA3_WT,6,8,mean difference,False,-65.84347224933413,95,-219.54637532025166,122.78384398824099,0.4932,0.5049158497491768,0.688634663178999,0.5086356477051962,0.6812686888199414,0.662004662004662,28.0
