,control,test,control_N,test_N,effect_size,is_paired,difference,ci,bca_low,bca_high,pvalue_permutation,pvalue_welch,statistic_welch,pvalue_students_t,statistic_students_t,pvalue_mann_whitney,statistic_mann_whitney
0,MOp1_Dp2Yey,MOp1_WT,6,6,mean difference,False,40.24311398872351,95,-1126.3979785203069,1410.8263136725777,0.9628,0.9553556817016036,-0.057411013649503656,0.95534876692778,-0.057411013649503656,0.9372294372294373,17.0
1,MOp2/3_Dp2Yey,MOp2/3_WT,6,6,mean difference,False,1389.1374471373138,95,392.44990940842945,2626.5580992410833,0.0424,0.0610556939634006,-2.26826420733899,0.0467081464100483,-2.26826420733899,0.04112554112554113,5.0
2,MOp5_Dp2Yey,MOp5_WT,6,6,mean difference,False,1098.400225676106,95,-50.695073592927656,2614.983699250971,0.1766,0.16730094144407512,-1.5086163377767678,0.1623238220529098,-1.508616337776768,0.30952380952380953,11.0
3,MOp6a_Dp2Yey,MOp6a_WT,6,6,mean difference,False,1921.574659628945,95,421.8964740144329,3732.1366751961373,0.056,0.0738295945098133,-2.107886803784397,0.06125952177858913,-2.107886803784397,0.09307359307359307,7.0
