,control,test,control_N,test_N,effect_size,is_paired,difference,ci,bca_low,bca_high,pvalue_permutation,pvalue_welch,statistic_welch,pvalue_students_t,statistic_students_t,pvalue_mann_whitney,statistic_mann_whitney
0,ccs_Dp2Yey,ccs_WT,6,6,mean difference,False,-67.66769210977725,95,-363.61279429558033,219.8365949874759,0.6742,0.6821070230343091,0.42180428545444626,0.6820919971508874,0.42180428545444626,0.8181818181818182,20.0
1,ee_Dp2Yey,ee_WT,6,6,mean difference,False,-186.86614757660175,95,-850.7400621834014,263.3955252510166,0.5984,0.5526056735676272,0.6191991358590441,0.5496308782763537,0.6191991358590442,0.8181818181818182,20.0
