,control,test,control_N,test_N,effect_size,is_paired,difference,ci,bca_low,bca_high,pvalue_permutation,pvalue_welch,statistic_welch,pvalue_students_t,statistic_students_t,pvalue_mann_whitney,statistic_mann_whitney
0,EPd_Dp2Yey,EPd_WT,6,8,mean difference,False,-161.53556630912374,95,-442.03570502654463,79.31410209786682,0.2532,0.297150422269728,1.113460242955318,0.25948290543216657,1.1836146557218767,0.2823842823842824,33.0
1,EPv_Dp2Yey,EPv_WT,6,7,mean difference,False,146.7006115042613,95,-364.71896561447176,653.6758777531813,0.6508,0.6134776396135428,-0.5201191461368538,0.6219920073904961,-0.5072533267259284,0.8356643356643356,19.0
