,control,test,control_N,test_N,effect_size,is_paired,difference,ci,bca_low,bca_high,pvalue_permutation,pvalue_welch,statistic_welch,pvalue_students_t,statistic_students_t,pvalue_mann_whitney,statistic_mann_whitney
0,fr_Dp2Yey,fr_WT,6,7,mean difference,False,-341.0159994988952,95,-898.6827036362178,356.81975406350125,0.3328,0.3585468313849949,0.96446562841097,0.3469111361395859,0.9826246944480502,0.4452214452214452,27.0
1,hbc_Dp2Yey,hbc_WT,6,7,mean difference,False,-628.3154098582843,95,-1959.9371714862343,492.58744667313033,0.362,0.39435464643201934,0.9070447803747874,0.36015389391281727,0.9548767073439562,0.6282051282051282,25.0
2,sm_Dp2Yey,sm_WT,6,4,mean difference,False,-39.6714679480674,95,-1225.1139635714308,1563.895290356012,0.9672,0.9637043657030884,0.04837463305412588,0.9572150933276067,0.05535246021412335,0.6095238095238095,15.0
