,control,test,control_N,test_N,effect_size,is_paired,difference,ci,bca_low,bca_high,pvalue_permutation,pvalue_welch,statistic_welch,pvalue_students_t,statistic_students_t,pvalue_mann_whitney,statistic_mann_whitney
0,LHA_Dp2Yey,LHA_WT,6,6,mean difference,False,29.473736842328435,95,-202.97949152714193,295.97242455002083,0.8492,0.8357157091754976,-0.2133458169844042,0.8353439714619942,-0.2133458169844042,0.8181818181818182,16.0
1,PSTN_Dp2Yey,PSTN_WT,4,3,mean difference,False,327.4832142171267,95,-233.30552052206565,706.3200680867797,0.3326,0.30666061025919156,-1.1776237601862725,0.35036390295100756,-1.0296946003836758,0.4,3.0
2,PST_Dp2Yey,PST_WT,5,5,mean difference,False,-414.0362610599525,95,-848.6735052121226,150.2325859185412,0.1658,0.1735000592772075,1.4981656238483803,0.17246894626066436,1.4981656238483803,0.15079365079365079,20.0
3,STN_Dp2Yey,STN_WT,6,6,mean difference,False,-234.74827767409283,95,-539.6264710925375,56.23473110542625,0.1986,0.19409720312501758,1.392245757331065,0.1940314868162115,1.392245757331065,0.17965367965367965,27.0
4,TU_Dp2Yey,TU_WT,6,6,mean difference,False,43.01516461828942,95,-292.81203063254407,386.30057791548575,0.8176,0.8226533429349687,-0.2305503836423836,0.8223122691597807,-0.2305503836423836,0.8181818181818182,16.0
5,ZI_Dp2Yey,ZI_WT,6,6,mean difference,False,-109.17956951140104,95,-646.7518420571676,245.1896250523962,0.6874,0.6613239383707609,0.45214588961125796,0.660813278060938,0.45214588961125796,0.9372294372294373,17.0
