,control,test,control_N,test_N,effect_size,is_paired,difference,ci,bca_low,bca_high,pvalue_permutation,pvalue_welch,statistic_welch,pvalue_students_t,statistic_students_t,pvalue_mann_whitney,statistic_mann_whitney
0,ORBvl2/3_Dp2Yey,ORBvl2/3_WT,4,6,mean difference,False,1549.0611169847052,95,-932.469349547755,4277.488257178584,0.327,0.3535402309193326,-1.0142129258659331,0.3158407978429027,-1.0699912710078456,0.47619047619047616,8.0
1,ORBvl5_Dp2Yey,ORBvl5_WT,5,6,mean difference,False,319.32694382864975,95,-1030.770062643971,1768.1049467143093,0.6776,0.7013914653394707,-0.3959156524153475,0.7065864922277457,-0.38862611959560484,0.7922077922077921,13.0
2,ORBvl6a_Dp2Yey,ORBvl6a_WT,6,6,mean difference,False,2650.7904103182655,95,672.6309897995425,5098.423158656846,0.0542,0.06133929199136077,-2.1451809856300907,0.0575301960673861,-2.1451809856300907,0.06493506493506493,6.0
3,ORBvl6b_Dp2Yey,ORBvl6b_WT,3,5,mean difference,False,3020.3192758845157,95,702.5057225080718,7547.783246354533,0.2336,0.1947605551302596,-1.538517734974951,0.2878383732376776,-1.1660639467158183,0.07142857142857142,1.0
