,control,test,control_N,test_N,effect_size,is_paired,difference,ci,bca_low,bca_high,pvalue_permutation,pvalue_welch,statistic_welch,pvalue_students_t,statistic_students_t,pvalue_mann_whitney,statistic_mann_whitney
0,LHA_Dp2Yey,LHA_WT,7,7,mean difference,False,-119.44290455364313,95,-434.47686002102745,182.2754551865322,0.504,0.5087788515827154,0.6887397702917452,0.5040857047985008,0.6887397702917453,0.8047785547785549,27.0
1,RCH_Dp2Yey,RCH_WT,6,5,mean difference,False,-67.96516828059157,95,-666.3327793574886,543.7641173735049,0.8608,0.8498873497210847,0.19523406982556368,0.8563601585126968,0.18627491447724,0.9307359307359306,16.0
2,TU_Dp2Yey,TU_WT,6,7,mean difference,False,-647.6687933357355,95,-1535.3112187420606,216.13262462899615,0.176,0.21958850069636257,1.3424077862768655,0.1868023583463003,1.407852164856897,0.5337995337995338,26.0
3,ZI_Dp2Yey,ZI_WT,6,6,mean difference,False,-560.4537031084485,95,-1334.1152078817486,100.01069766859297,0.2232,0.20925067014427973,1.4096109109964936,0.18898784586244124,1.4096109109964936,0.8181818181818182,20.0
