,control,test,control_N,test_N,effect_size,is_paired,difference,ci,bca_low,bca_high,pvalue_permutation,pvalue_welch,statistic_welch,pvalue_students_t,statistic_students_t,pvalue_mann_whitney,statistic_mann_whitney
0,AUDv1_Dp2Yey,AUDv1_WT,6,5,mean difference,False,-599.2638356523657,95,-1867.8408493256575,355.7615688142879,0.3986,0.3749765015623967,0.9455743187517698,0.3992842816527328,0.8848024381184867,0.7922077922077921,17.0
1,AUDv2/3_Dp2Yey,AUDv2/3_WT,6,6,mean difference,False,-610.6297869140571,95,-1868.5619367420404,364.49820270338387,0.3608,0.3505719853184143,0.995103423570724,0.3431546273582844,0.995103423570724,0.5887445887445888,22.0
2,AUDv4_Dp2Yey,AUDv4_WT,6,6,mean difference,False,-507.55662912430375,95,-2100.9178114920383,545.6431637782191,0.5304,0.4952133444584257,0.7173327872387715,0.48958552527918764,0.7173327872387715,0.6991341991341992,21.0
3,AUDv5_Dp2Yey,AUDv5_WT,6,6,mean difference,False,108.37352778575416,95,-536.0148195306062,659.9333315427612,0.7404,0.7475110824181723,-0.3338417826872914,0.7453940202254374,-0.3338417826872914,0.6991341991341992,15.0
4,AUDv6a_Dp2Yey,AUDv6a_WT,5,5,mean difference,False,190.84297507663564,95,-1162.9873891910217,1544.130061036698,0.7854,0.8122961722873334,-0.24551746581669204,0.8122370066584653,-0.24551746581669204,0.8412698412698413,11.0
