,control,test,control_N,test_N,effect_size,is_paired,difference,ci,bca_low,bca_high,pvalue_permutation,pvalue_welch,statistic_welch,pvalue_students_t,statistic_students_t,pvalue_mann_whitney,statistic_mann_whitney
0,RSPd1_Dp2Yey,RSPd1_WT,7,6,mean difference,False,-82.19683398594316,95,-510.83423317787503,378.7817450305563,0.7326,0.7507063056954209,0.3284395889918477,0.74018619175877,0.34010109468938565,0.8356643356643356,23.0
1,RSPd2/3_Dp2Yey,RSPd2/3_WT,7,6,mean difference,False,-492.0553710842805,95,-2125.7041400752696,1281.217173731357,0.6052,0.6181945702278122,0.5129593547062269,0.6205634588593093,0.5093586073881706,0.6282051282051282,25.0
2,RSPd5_Dp2Yey,RSPd5_WT,6,7,mean difference,False,-1688.5993243782063,95,-3475.7356459949933,258.6624203989659,0.1178,0.1373717749822857,1.6138549138603937,0.13092379643838803,1.6321249329119056,0.10139860139860139,33.0
3,RSPd6a_Dp2Yey,RSPd6a_WT,7,7,mean difference,False,-10.936862468326808,95,-1074.9614947923683,1221.1080019302271,0.9872,0.9865294191083221,0.017239036654498788,0.986529232621639,0.017239036654498788,1.0,24.0
