,control,test,control_N,test_N,effect_size,is_paired,difference,ci,bca_low,bca_high,pvalue_permutation,pvalue_welch,statistic_welch,pvalue_students_t,statistic_students_t,pvalue_mann_whitney,statistic_mann_whitney
0,BMA_Dp2Yey,BMA_WT,7,7,mean difference,False,-350.71618491024736,95,-985.8681341553221,-30.087307030642137,0.1498,0.19450878865696006,1.450974287975547,0.17242171228869105,1.450974287975547,0.534965034965035,30.0
1,CLA_Dp2Yey,CLA_WT,5,4,mean difference,False,-62.47241585232814,95,-687.1829620990635,272.2133338924227,0.984,0.8246311698384334,0.23389550072246054,0.8393086215425548,0.2104534891547214,0.2857142857142857,5.0
2,LA_Dp2Yey,LA_WT,6,6,mean difference,False,-65.5407268083668,95,-649.3076771370012,563.6839843528137,0.8112,0.852215424671163,0.1912041034998472,0.8521920147804029,0.19120410349984718,0.8181818181818182,20.0
