,control,test,control_N,test_N,effect_size,is_paired,difference,ci,bca_low,bca_high,pvalue_permutation,pvalue_welch,statistic_welch,pvalue_students_t,statistic_students_t,pvalue_mann_whitney,statistic_mann_whitney
0,BMA_Dp2Yey,BMA_WT,6,8,mean difference,False,48.11296310055047,95,-448.2082504843098,699.8769057988382,0.8994,0.8828720692836904,-0.15058818078396924,0.8906635106320192,-0.1404124150116029,0.8518148518148518,26.0
1,LA_Dp2Yey,LA_WT,5,5,mean difference,False,-44.46870124092197,95,-467.3377610346281,283.8562450583778,0.7956,0.8375003163585102,0.21213705592325524,0.837305253589226,0.21213705592325524,1.0,13.0
