,control,test,control_N,test_N,effect_size,is_paired,difference,ci,bca_low,bca_high,pvalue_permutation,pvalue_welch,statistic_welch,pvalue_students_t,statistic_students_t,pvalue_mann_whitney,statistic_mann_whitney
0,AUDd1_Dp2Yey,AUDd1_WT,7,7,mean difference,False,-623.5451759048133,95,-1442.5560365423303,276.89346682547216,0.203,0.2151424373948281,1.308991417001249,0.21504978357310614,1.308991417001249,0.25932400932400934,34.0
1,AUDd2/3_Dp2Yey,AUDd2/3_WT,7,7,mean difference,False,243.406430469518,95,-1038.7664679472286,1700.8966022895863,0.763,0.7551672353360581,-0.31917102774109346,0.7550844060705865,-0.3191710277410935,1.0,24.0
2,AUDd4_Dp2Yey,AUDd4_WT,4,5,mean difference,False,746.6612333168573,95,-257.90845913981275,2935.048333101359,0.6448,0.4117963850392541,-0.9142231251951991,0.44613160920509354,-0.807155461772978,0.7301587301587302,8.0
3,AUDd5_Dp2Yey,AUDd5_WT,5,6,mean difference,False,241.84406905987862,95,-759.59557873792,2177.3973231932373,0.8722,0.7655819533411904,-0.3110635315512882,0.7800815525738707,-0.2877131242094767,0.6623376623376623,18.0
4,AUDd6a_Dp2Yey,AUDd6a_WT,4,6,mean difference,False,817.3329679173473,95,-749.1931625401157,3177.93727964921,0.6086,0.47710738068033465,-0.7494809968276918,0.537611426548195,-0.6439765373785009,0.7619047619047619,10.0
