,control,test,control_N,test_N,effect_size,is_paired,difference,ci,bca_low,bca_high,pvalue_permutation,pvalue_welch,statistic_welch,pvalue_students_t,statistic_students_t,pvalue_mann_whitney,statistic_mann_whitney
0,SSp-m1_Dp2Yey,SSp-m1_WT,5,7,mean difference,False,1781.3400030294256,95,44.90977713539314,3765.57427957215,0.1638,0.12206892048948599,-1.7311864836684596,0.16392727078820674,-1.502279209496167,0.20202020202020204,9.0
1,SSp-m2/3_Dp2Yey,SSp-m2/3_WT,4,7,mean difference,False,-1868.4378053434639,95,-3292.1016962471667,231.7322778401258,0.159,0.08585505011114758,1.9612173272434237,0.1582620708964853,1.5386914012223267,0.07272727272727272,24.0
2,SSp-m4_Dp2Yey,SSp-m4_WT,4,5,mean difference,False,-1599.6253206619745,95,-4286.346395271499,233.04524754933936,0.2406,0.2708272163043174,1.2339655598876598,0.23713386170102704,1.29273329092286,0.4126984126984127,14.0
3,SSp-m5_Dp2Yey,SSp-m5_WT,4,4,mean difference,False,-1055.3741668546704,95,-3348.038402168634,915.322262365501,0.365,0.42891078156757934,0.8534940360667342,0.4261405323067182,0.8534940360667342,0.34285714285714286,12.0
