,control,test,control_N,test_N,effect_size,is_paired,difference,ci,bca_low,bca_high,pvalue_permutation,pvalue_welch,statistic_welch,pvalue_students_t,statistic_students_t,pvalue_mann_whitney,statistic_mann_whitney
0,PERI1_Dp2Yey,PERI1_WT,6,6,mean difference,False,-213.21992464011714,95,-1097.8985796999714,700.8419470077301,0.6756,0.6810918058654287,0.42507266230813295,0.6797853349987814,0.42507266230813295,0.6991341991341992,21.0
1,PERI2/3_Dp2Yey,PERI2/3_WT,5,6,mean difference,False,711.3818371666964,95,192.9352978050523,1185.7150633053877,0.0378,0.034766599242891244,-2.5045055048219695,0.039623661521555935,-2.4042063972480365,0.05194805194805195,4.0
2,PERI5_Dp2Yey,PERI5_WT,4,4,mean difference,False,-638.4501536962762,95,-1178.2782283861857,-91.29852652431646,0.113,0.11440505439698302,1.9442757904863903,0.09984823065815612,1.9442757904863903,0.11428571428571428,14.0
