,control,test,control_N,test_N,effect_size,is_paired,difference,ci,bca_low,bca_high,pvalue_permutation,pvalue_welch,statistic_welch,pvalue_students_t,statistic_students_t,pvalue_mann_whitney,statistic_mann_whitney
0,ECT1_Dp2Yey,ECT1_WT,6,6,mean difference,False,-720.7364812001017,95,-1530.604893502504,145.96504934170503,0.1606,0.16753750037711454,1.529707656371606,0.15708526145724147,1.5297076563716063,0.3939393939393939,24.0
1,ECT2/3_Dp2Yey,ECT2/3_WT,6,6,mean difference,False,213.57636227159014,95,-400.37173394984666,822.623046229254,0.5418,0.5422026350742681,-0.6333859762398465,0.540696109123098,-0.6333859762398465,0.8181818181818182,16.0
2,ECT5_Dp2Yey,ECT5_WT,6,6,mean difference,False,5.6207977288963775,95,-506.1336260181755,513.7081690270313,0.9848,0.9844330036294551,-0.020013671210722617,0.9844261691134198,-0.020013671210722624,1.0,18.0
3,ECT6a_Dp2Yey,ECT6a_WT,5,4,mean difference,False,139.69534673576527,95,-770.1087203295813,1346.110368356003,0.807,0.8294888237903244,-0.2265907957966441,0.8192275660012598,-0.23728917305917718,0.9047619047619049,9.0
