,control,test,control_N,test_N,effect_size,is_paired,difference,ci,bca_low,bca_high,pvalue_permutation,pvalue_welch,statistic_welch,pvalue_students_t,statistic_students_t,pvalue_mann_whitney,statistic_mann_whitney
0,VS_Dp2Yey,VS_WT,7,6,mean difference,False,-149.50147506003486,95,-643.6233100543948,412.7867302701934,0.6064,0.625339035607813,0.503111657673522,0.6229211175668039,0.5058853641031251,0.5337995337995338,26.0
1,fiber tracts_Dp2Yey,fiber tracts_WT,7,7,mean difference,False,7.638687373296875,95,-410.8655996470858,399.83821435702293,0.9732,0.9733517626739868,-0.03411714957937002,0.9733446663207821,-0.034117149579370024,0.9015151515151516,23.0
2,grey_Dp2Yey,grey_WT,4,3,mean difference,False,539.9525146396204,95,-306.0584169159399,1430.6510312259852,0.2328,0.40128115137506476,-1.0036496148553633,0.3081248216595484,-1.1342475582077698,0.4,3.0
