,control,test,control_N,test_N,effect_size,is_paired,difference,ci,bca_low,bca_high,pvalue_permutation,pvalue_welch,statistic_welch,pvalue_students_t,statistic_students_t,pvalue_mann_whitney,statistic_mann_whitney
0,fr_Dp2Yey,fr_WT,4,3,mean difference,False,220.45584986432658,95,-215.90428637533682,481.26661006989343,0.2558,0.3508073349221276,-1.0704857978659124,0.31192378502519513,-1.1243552382966564,0.4,3.0
1,hbc_Dp2Yey,hbc_WT,5,4,mean difference,False,-326.9610964387225,95,-1120.1008245207795,243.76202162698837,0.6824,0.4524718003738151,0.8245079650257727,0.4871567789762836,0.7333778592284226,1.0,10.0
