,control,test,control_N,test_N,effect_size,is_paired,difference,ci,bca_low,bca_high,pvalue_permutation,pvalue_welch,statistic_welch,pvalue_students_t,statistic_students_t,pvalue_mann_whitney,statistic_mann_whitney
0,ECT1_Dp2Yey,ECT1_WT,5,7,mean difference,False,-625.3853213488017,95,-1422.1452439947427,734.1538929327896,0.3322,0.29937425277623086,1.0950621644402934,0.3356782491354713,1.011383635651238,0.148989898989899,27.0
1,ECT2/3_Dp2Yey,ECT2/3_WT,6,6,mean difference,False,-1256.861185451482,95,-2323.8056367393674,-161.14044708490474,0.066,0.06758189199880807,2.0583357211148674,0.06657253921242264,2.0583357211148674,0.06493506493506493,30.0
2,ECT5_Dp2Yey,ECT5_WT,5,5,mean difference,False,183.65224219787228,95,-1211.9363332029184,1278.876242533624,0.7774,0.8006264871837789,-0.26140914356864015,0.8003810467239136,-0.26140914356864015,0.5476190476190477,9.0
3,ECT6a_Dp2Yey,ECT6a_WT,4,4,mean difference,False,272.4415452660148,95,-763.1415453330673,1090.7336467164346,0.6304,0.630174830381818,-0.5071050712960472,0.6301748233071623,-0.5071050712960472,0.8857142857142857,7.0
