,control,test,control_N,test_N,effect_size,is_paired,difference,ci,bca_low,bca_high,pvalue_permutation,pvalue_welch,statistic_welch,pvalue_students_t,statistic_students_t,pvalue_mann_whitney,statistic_mann_whitney
0,AUDd1_Dp2Yey,AUDd1_WT,4,5,mean difference,False,-1142.2153404996398,95,-2191.9268945683966,-473.868248601893,0.0162,0.07322534834403954,2.39553686877395,0.03558707164960122,2.5968678731535073,0.031746031746031744,19.0
1,AUDd2/3_Dp2Yey,AUDd2/3_WT,6,5,mean difference,False,-388.833312108419,95,-1304.2811129872493,214.11360133567405,0.556,0.3984763890796733,0.9054911924315161,0.42484885531523064,0.835895708683516,1.0,15.0
2,AUDd4_Dp2Yey,AUDd4_WT,6,6,mean difference,False,-123.10004146256733,95,-884.7268307395335,545.8115948517519,0.7476,0.762608691803996,0.3104302010054524,0.7626072601745645,0.3104302010054524,1.0,18.0
3,AUDd5_Dp2Yey,AUDd5_WT,5,6,mean difference,False,-327.4298315716595,95,-1102.468094082273,133.07554255994341,0.3686,0.36509760204530434,0.9670213744923988,0.3441801061055543,0.9983784205024173,0.6623376623376623,18.0
4,AUDd6a_Dp2Yey,AUDd6a_WT,5,4,mean difference,False,329.6229457086222,95,-484.268759427497,1281.8268144738317,0.525,0.5471488780649024,-0.6330659845050618,0.5528566309769964,-0.6232829075658644,0.4126984126984127,6.0
