,control,test,control_N,test_N,effect_size,is_paired,difference,ci,bca_low,bca_high,pvalue_permutation,pvalue_welch,statistic_welch,pvalue_students_t,statistic_students_t,pvalue_mann_whitney,statistic_mann_whitney
0,SSp-tr1_Dp2Yey,SSp-tr1_WT,6,5,mean difference,False,-606.5732638430748,95,-1346.1492093980644,116.18872948403634,0.1912,0.17252232237581994,1.4821571307771362,0.18216928067524615,1.4456937413666218,0.17748917748917747,23.0
1,SSp-tr2/3_Dp2Yey,SSp-tr2/3_WT,7,5,mean difference,False,-1261.7792022781377,95,-3062.354140524323,735.3227587616111,0.2872,0.26645559134013586,1.1769954975329857,0.29496321454603946,1.1051771403388786,0.26767676767676774,25.0
2,SSp-tr4_Dp2Yey,SSp-tr4_WT,7,6,mean difference,False,-1479.1681855700851,95,-3320.2718530346315,582.055997125964,0.2316,0.2133894719933196,1.330108722301353,0.2279455802990092,1.2768649451669598,0.4452214452214452,27.0
3,SSp-tr5_Dp2Yey,SSp-tr5_WT,7,6,mean difference,False,-1250.3356915926581,95,-2994.866873828325,447.60046993257674,0.256,0.23275438060977172,1.2807742926584798,0.24971831977756284,1.2152289117128952,0.4452214452214452,27.0
4,SSp-tr6a_Dp2Yey,SSp-tr6a_WT,7,6,mean difference,False,-159.2779601495754,95,-1120.7247626396188,733.2422382054838,0.7706,0.7654090512645999,0.30588243093755646,0.7690244176170773,0.3010044420899313,0.9452214452214451,22.0
