,control,test,control_N,test_N,effect_size,is_paired,difference,ci,bca_low,bca_high,pvalue_permutation,pvalue_welch,statistic_welch,pvalue_students_t,statistic_students_t,pvalue_mann_whitney,statistic_mann_whitney
0,AON_Dp2Yey,AON_WT,6,7,mean difference,False,-1172.230907384993,95,-2296.1539101409126,-21.376380192982197,0.0816,0.09772099060734275,1.82373496411176,0.09250754609192355,1.8424247742354414,0.07342657342657342,34.0
1,DP_Dp2Yey,DP_WT,6,6,mean difference,False,-1954.9322530270656,95,-3854.9196607076306,-232.9660308617813,0.0726,0.0884729571386858,1.9281131321021723,0.08269213693060262,1.9281131321021723,0.04112554112554113,31.0
2,PIR_Dp2Yey,PIR_WT,6,7,mean difference,False,-1465.4483432430752,95,-2970.1640696247205,-116.5892216443035,0.0828,0.09576515101584425,1.8486905010421582,0.08611587450660053,1.8849373915574614,0.10139860139860139,33.0
3,TT_Dp2Yey,TT_WT,6,7,mean difference,False,-1720.3119427370061,95,-3274.8805989892944,-174.9054720596946,0.061,0.07609097170705824,2.022066165301316,0.060515230155034114,2.0911970678101164,0.10139860139860139,33.0
