,control,test,control_N,test_N,effect_size,is_paired,difference,ci,bca_low,bca_high,pvalue_permutation,pvalue_welch,statistic_welch,pvalue_students_t,statistic_students_t,pvalue_mann_whitney,statistic_mann_whitney
0,HY_Dp2Yey,HY_WT,6,6,mean difference,False,49.66062704310502,95,-276.53988547882466,347.56365475401697,0.7456,0.7807910418652275,-0.28595261333966976,0.7807504417803215,-0.28595261333966976,0.6991341991341992,15.0
1,TH_Dp2Yey,TH_WT,6,6,mean difference,False,219.91834497544596,95,-294.7695122464261,684.8736312391945,0.4216,0.4357786224922763,-0.8121911119505608,0.4355897229757013,-0.8121911119505608,0.48484848484848486,13.0
