,control,test,control_N,test_N,effect_size,is_paired,difference,ci,bca_low,bca_high,pvalue_permutation,pvalue_welch,statistic_welch,pvalue_students_t,statistic_students_t,pvalue_mann_whitney,statistic_mann_whitney
0,PVT_Dp2Yey,PVT_WT,6,6,mean difference,False,-259.9216062189196,95,-1183.4740139697094,496.3628609184782,0.5782,0.5921812008543843,0.5542725403794319,0.5915710864826804,0.554272540379432,0.5887445887445888,22.0
1,RE_Dp2Yey,RE_WT,5,6,mean difference,False,986.4590807872991,95,421.82795680385505,2033.5110699769662,0.0222,0.05053123702696568,-2.369979845686429,0.054919316780656494,-2.2046852179015524,0.05194805194805195,4.0
