,control,test,control_N,test_N,effect_size,is_paired,difference,ci,bca_low,bca_high,pvalue_permutation,pvalue_welch,statistic_welch,pvalue_students_t,statistic_students_t,pvalue_mann_whitney,statistic_mann_whitney
0,PAL_Dp2Yey,PAL_WT,7,5,mean difference,False,294.89688211380025,95,-48.761729588091214,1140.9043361657682,0.287,0.36187293383702424,-1.0085558819295983,0.2709055013125875,-1.165391563404904,0.26767676767676774,10.0
1,STR_Dp2Yey,STR_WT,7,7,mean difference,False,-282.0925668308869,95,-681.8676878998426,199.49763587822974,0.2856,0.28037403760193774,1.1331146849192917,0.2792981356243339,1.1331146849192917,0.45571095571095577,31.0
