,control,test,control_N,test_N,effect_size,is_paired,difference,ci,bca_low,bca_high,pvalue_permutation,pvalue_welch,statistic_welch,pvalue_students_t,statistic_students_t,pvalue_mann_whitney,statistic_mann_whitney
0,TEa1_Dp2Yey,TEa1_WT,6,6,mean difference,False,-1414.8530873213115,95,-2112.1506184154055,-832.7244680570909,0.0006,0.0031911285115890854,4.004652806599613,0.0024995068164044808,4.004652806599613,0.0021645021645021645,36.0
1,TEa2/3_Dp2Yey,TEa2/3_WT,6,6,mean difference,False,172.10693293228474,95,-1350.452745502765,1203.4247658422787,0.818,0.8086595735663454,-0.2498178589026,0.8077851793541998,-0.2498178589026,0.6991341991341992,15.0
2,TEa4_Dp2Yey,TEa4_WT,6,6,mean difference,False,-258.53623639212174,95,-2143.596952914816,715.8348232253022,0.834,0.737361978338843,0.35115078522058496,0.7327608807423787,0.35115078522058496,0.5887445887445888,14.0
3,TEa5_Dp2Yey,TEa5_WT,6,6,mean difference,False,188.14647876409026,95,-990.0187091707287,840.6649355478067,0.7504,0.7135917011528973,-0.38234674889937525,0.710204507231041,-0.38234674889937525,0.17965367965367965,9.0
4,TEa6a_Dp2Yey,TEa6a_WT,5,5,mean difference,False,-422.4891165879303,95,-1486.7869282710622,410.13016348809117,0.4922,0.4711756506992248,0.7763382958927695,0.45988390900987197,0.7763382958927695,0.6904761904761905,15.0
