,control,test,control_N,test_N,effect_size,is_paired,difference,ci,bca_low,bca_high,pvalue_permutation,pvalue_welch,statistic_welch,pvalue_students_t,statistic_students_t,pvalue_mann_whitney,statistic_mann_whitney
0,LHA_Dp2Yey,LHA_WT,6,8,mean difference,False,107.28615356739522,95,-357.3875712743761,1065.855992379524,0.9096,0.7697637282212272,-0.3006626098197348,0.7911287109768681,-0.2708237130890243,0.8518148518148518,26.0
1,PSTN_Dp2Yey,PSTN_WT,4,4,mean difference,False,415.74603572496835,95,-653.2968670855721,1672.5979981955452,0.5394,0.5820393809000679,-0.590107816857811,0.5766515322708725,-0.590107816857811,0.6857142857142857,6.0
2,RCH_Dp2Yey,RCH_WT,4,5,mean difference,False,-422.3480993746132,95,-887.1516835361929,49.97588007203103,0.1658,0.17550359193103726,1.5081780003509426,0.19095343752587607,1.447728341994729,0.2857142857142857,15.0
3,STN_Dp2Yey,STN_WT,6,7,mean difference,False,91.76296249981664,95,-243.36762850163734,499.02755374267275,0.6728,0.6648377993472141,-0.44522852348366687,0.6710170274517322,-0.4363592600304547,0.8356643356643356,19.0
4,TU_Dp2Yey,TU_WT,6,8,mean difference,False,66.04971806111257,95,-815.2345010037975,1004.0917784014875,0.8802,0.8984573184204737,-0.13059134559434005,0.8984439340023892,-0.13035674552780588,1.0,24.0
5,ZI_Dp2Yey,ZI_WT,6,8,mean difference,False,-53.146523315184396,95,-254.97112355767118,116.35614952037923,0.5924,0.615294065456448,0.5188401578787691,0.6048720968155574,0.5313507218357294,0.662004662004662,28.0
