,control,test,control_N,test_N,effect_size,is_paired,difference,ci,bca_low,bca_high,pvalue_permutation,pvalue_welch,statistic_welch,pvalue_students_t,statistic_students_t,pvalue_mann_whitney,statistic_mann_whitney
0,PAL_Dp2Yey,PAL_WT,6,6,mean difference,False,126.26088387093398,95,-91.56426752023754,314.06183882246455,0.2748,0.28450116467028413,-1.1309020487888262,0.2844890813883302,-1.1309020487888262,0.3939393939393939,12.0
1,STR_Dp2Yey,STR_WT,6,6,mean difference,False,-178.65505010578033,95,-528.4284156955395,147.5879949659859,0.3504,0.36680196749820015,0.9476147601933115,0.36566215284735615,0.9476147601933115,0.3939393939393939,24.0
