,control,test,control_N,test_N,effect_size,is_paired,difference,ci,bca_low,bca_high,pvalue_permutation,pvalue_welch,statistic_welch,pvalue_students_t,statistic_students_t,pvalue_mann_whitney,statistic_mann_whitney
0,AHN_Dp2Yey,AHN_WT,4,4,mean difference,False,-165.11849086980993,95,-713.1794240548468,184.24415844082876,0.5382,0.549142733700557,0.6425244635460725,0.5442874460437306,0.6425244635460725,0.6857142857142857,10.0
1,PH_Dp2Yey,PH_WT,6,8,mean difference,False,-155.83082546145795,95,-1092.4869478722921,801.8753584205696,0.7616,0.7755594482927701,0.292152759560823,0.7761271978864939,0.29085609595553114,0.7545787545787546,27.0
2,PMd_Dp2Yey,PMd_WT,4,3,mean difference,False,-98.58036300738308,95,-1863.8746280182288,1759.5339914638391,0.8644,0.9343965651370564,0.0868894279124153,0.934840305750957,0.0859520449885486,0.8571428571428571,7.0
3,VMH_Dp2Yey,VMH_WT,6,8,mean difference,False,365.5724678189075,95,-400.9923905470672,1474.3076854126837,0.5236,0.48090734967652393,-0.7314401973775474,0.5214856050318055,-0.6603792588915374,0.9497169497169498,25.0
