,control,test,control_N,test_N,effect_size,is_paired,difference,ci,bca_low,bca_high,pvalue_permutation,pvalue_welch,statistic_welch,pvalue_students_t,statistic_students_t,pvalue_mann_whitney,statistic_mann_whitney
0,AIp1_Dp2Yey,AIp1_WT,6,6,mean difference,False,489.67159812185605,95,-638.7477102068981,1478.3556430318854,0.401,0.4182928977822198,-0.8487502822742876,0.41587518185306405,-0.8487502822742876,0.48484848484848486,13.0
1,AIp2/3_Dp2Yey,AIp2/3_WT,6,6,mean difference,False,354.5095123925187,95,-296.034220275837,1046.736733344471,0.3606,0.3575663104570118,-0.964509863139101,0.35753500616993494,-0.9645098631391011,0.48484848484848486,13.0
2,AIp5_Dp2Yey,AIp5_WT,6,6,mean difference,False,109.05185334882208,95,-709.1016358053101,711.081292391988,0.811,0.7870102163789743,-0.2780877227096753,0.7866100604206345,-0.27808772270967536,0.8181818181818182,16.0
3,AIp6a_Dp2Yey,AIp6a_WT,6,6,mean difference,False,-190.16048821661872,95,-1056.5642770335646,225.5712237388998,0.7506,0.5763697191382766,0.5891222115049771,0.5688481207920634,0.5891222115049771,0.8181818181818182,16.0
4,AIp6b_Dp2Yey,AIp6b_WT,3,4,mean difference,False,-137.32400303698137,95,-744.1632233661447,391.3793295033672,0.7142,0.6977707146725873,0.4134081585662069,0.7232909008102321,0.3746420585095482,0.8571428571428571,7.0
