,control,test,control_N,test_N,effect_size,is_paired,difference,ci,bca_low,bca_high,pvalue_permutation,pvalue_welch,statistic_welch,pvalue_students_t,statistic_students_t,pvalue_mann_whitney,statistic_mann_whitney
0,ECT1_Dp2Yey,ECT1_WT,6,8,mean difference,False,61.94460644442688,95,-1546.9170403263045,1961.6004616688656,0.9498,0.9506484626089071,-0.06319970688192753,0.9527545671179338,-0.060498427315097615,1.0,24.0
1,ECT2/3_Dp2Yey,ECT2/3_WT,5,7,mean difference,False,73.92821952437362,95,-1181.4971023615626,952.7234038747201,0.8986,0.9024762032821081,-0.12615804444072043,0.9018644238678957,-0.12647286410550299,1.0,17.0
2,ECT5_Dp2Yey,ECT5_WT,4,4,mean difference,False,-130.24778715293957,95,-783.321319864139,237.81071215064347,0.8512,0.6737222721715401,0.45508612312395835,0.665050074593271,0.45508612312395835,0.6857142857142857,6.0
3,ECT6a_Dp2Yey,ECT6a_WT,4,5,mean difference,False,-419.14892928439554,95,-759.3799828449189,-83.58267022901885,0.0088,0.11776728383568731,2.124637406078239,0.04798792770696604,2.3925598897665132,0.031746031746031744,19.0
