,control,test,control_N,test_N,effect_size,is_paired,difference,ci,bca_low,bca_high,pvalue_permutation,pvalue_welch,statistic_welch,pvalue_students_t,statistic_students_t,pvalue_mann_whitney,statistic_mann_whitney
0,AON_Dp2Yey,AON_WT,7,6,mean difference,False,72.24299558645475,95,-169.9718600925437,340.08183349482465,0.6186,0.6166580320351136,-0.5157112920165275,0.6265859413636774,-0.5004993066063438,0.9452214452214451,20.0
1,DP_Dp2Yey,DP_WT,7,6,mean difference,False,-245.8149516801413,95,-586.5210642032347,5.986721665592029,0.1618,0.15115641192642193,1.5657388970456225,0.16410458744629347,1.4908673601398603,0.23426573426573427,30.0
2,PIR_Dp2Yey,PIR_WT,7,6,mean difference,False,114.02929884344485,95,-205.07711960056145,451.9848657021836,0.5464,0.5532139196870272,-0.6116291112488628,0.5586461331227132,-0.6031401872390474,0.7307692307692307,18.0
