,control,test,control_N,test_N,effect_size,is_paired,difference,ci,bca_low,bca_high,pvalue_permutation,pvalue_welch,statistic_welch,pvalue_students_t,statistic_students_t,pvalue_mann_whitney,statistic_mann_whitney
0,DG-mo_Dp2Yey,DG-mo_WT,6,8,mean difference,False,-209.75838850081368,95,-562.7445961556178,113.52222593601556,0.2486,0.29711603442785284,1.1137945376163076,0.25906640162550204,1.1847078335264778,0.22843822843822847,34.0
1,DG-po_Dp2Yey,DG-po_WT,6,8,mean difference,False,62.22204815468638,95,-453.8015143840769,529.4552793799993,0.8236,0.821216817544449,-0.2312888508515592,0.8228563432524866,-0.22882742938960324,0.9497169497169498,23.0
2,DG-sg_Dp2Yey,DG-sg_WT,6,8,mean difference,False,-467.60976357483105,95,-1139.436101766213,1.866807674431584,0.1072,0.18863173277282178,1.4899288590565232,0.11630336066865611,1.6926342524711921,0.18115218115218118,35.0
