,control,test,control_N,test_N,effect_size,is_paired,difference,ci,bca_low,bca_high,pvalue_permutation,pvalue_welch,statistic_welch,pvalue_students_t,statistic_students_t,pvalue_mann_whitney,statistic_mann_whitney
0,alv_Dp2Yey,alv_WT,6,6,mean difference,False,58.41662172995973,95,-383.18724390938655,295.79363525449264,0.7992,0.7584570768109459,-0.32076071804906564,0.7549944020356872,-0.32076071804906564,0.30952380952380953,11.0
1,fi_Dp2Yey,fi_WT,6,6,mean difference,False,-345.58116553862016,95,-779.0565807407512,61.65309460336255,0.1708,0.1760574101157613,1.4613660115406417,0.17461398903264622,1.4613660115406417,0.13203463203463203,28.0
