,control,test,control_N,test_N,effect_size,is_paired,difference,ci,bca_low,bca_high,pvalue_permutation,pvalue_welch,statistic_welch,pvalue_students_t,statistic_students_t,pvalue_mann_whitney,statistic_mann_whitney
0,alv_Dp2Yey,alv_WT,6,8,mean difference,False,-38.24918214763389,95,-153.76348924901984,96.91168518147828,0.5738,0.5937419231222526,0.5498324569683605,0.5903916514980898,0.5530380978777106,0.5727605727605728,29.0
1,fi_Dp2Yey,fi_WT,6,8,mean difference,False,-116.80064063988203,95,-278.16655882192555,123.07317863554903,0.3166,0.29850035637898426,1.0868571628358905,0.31676568581619396,1.044665714991218,0.22843822843822847,34.0
