,control,test,control_N,test_N,effect_size,is_paired,difference,ci,bca_low,bca_high,pvalue_permutation,pvalue_welch,statistic_welch,pvalue_students_t,statistic_students_t,pvalue_mann_whitney,statistic_mann_whitney
0,AIp1_Dp2Yey,AIp1_WT,7,6,mean difference,False,-306.1532551709621,95,-634.279309374725,-4.179349068299416,0.1158,0.10722195964959388,1.7548617024724318,0.10944082573777882,1.741556255652999,0.13752913752913754,32.0
1,AIp2/3_Dp2Yey,AIp2/3_WT,7,7,mean difference,False,-960.2716650470909,95,-2007.182257403154,-160.28160779610425,0.0874,0.08777832528610957,1.9102231501484825,0.08029032792921884,1.9102231501484828,0.16491841491841494,36.0
2,AIp5_Dp2Yey,AIp5_WT,6,6,mean difference,False,-420.3735162083826,95,-1352.298891648822,356.34473932716287,0.3958,0.4073685421520752,0.8790995023387616,0.3999784642069296,0.8790995023387617,0.5887445887445888,22.0
3,AIp6a_Dp2Yey,AIp6a_WT,6,5,mean difference,False,-19.000624473210337,95,-644.3610535307903,706.5217095015353,0.9708,0.9611462413139684,0.05011654085769593,0.9613575121080222,0.0498154219569726,0.7922077922077921,17.0
