,control,test,control_N,test_N,effect_size,is_paired,difference,ci,bca_low,bca_high,pvalue_permutation,pvalue_welch,statistic_welch,pvalue_students_t,statistic_students_t,pvalue_mann_whitney,statistic_mann_whitney
0,PAL_Dp2Yey,PAL_WT,5,4,mean difference,False,-1597.5831854765488,95,-4509.019890071697,-41.50692355758565,0.2944,0.23881243723152115,1.308421499401788,0.2658252242480847,1.209234163620807,0.4126984126984127,14.0
1,STR_Dp2Yey,STR_WT,6,7,mean difference,False,-1020.642230814105,95,-2417.992608979798,664.9936273572398,0.2588,0.2607372615665068,1.1857383423637393,0.26828840417594013,1.1659617197198502,0.2948717948717949,29.0
