,control,test,control_N,test_N,effect_size,is_paired,difference,ci,bca_low,bca_high,pvalue_permutation,pvalue_welch,statistic_welch,pvalue_students_t,statistic_students_t,pvalue_mann_whitney,statistic_mann_whitney
0,AIv1_Dp2Yey,AIv1_WT,6,7,mean difference,False,-707.2441554846496,95,-2627.8899765177503,1070.8188839474092,0.4928,0.5157283593699871,0.6804862824250926,0.4932990570576541,0.7086289870397421,0.6282051282051282,25.0
1,AIv2/3_Dp2Yey,AIv2/3_WT,6,7,mean difference,False,-1592.8577267717137,95,-3394.931989215746,408.66846978009653,0.172,0.16750199294075496,1.5132054695341166,0.18146320804042154,1.4265757255203853,0.36596736596736595,28.0
2,AIv5_Dp2Yey,AIv5_WT,6,6,mean difference,False,-597.3891825698067,95,-1893.5823894683813,747.8831191947666,0.4242,0.4452069599767563,0.8101951330812612,0.4366837609283698,0.8101951330812612,0.5887445887445888,22.0
