,control,test,control_N,test_N,effect_size,is_paired,difference,ci,bca_low,bca_high,pvalue_permutation,pvalue_welch,statistic_welch,pvalue_students_t,statistic_students_t,pvalue_mann_whitney,statistic_mann_whitney
0,RSPagl1_Dp2Yey,RSPagl1_WT,6,8,mean difference,False,65.41807900642857,95,-803.165994204018,918.9432812830423,0.9042,0.8955935883270065,-0.13440175826273418,0.8945974685414978,-0.1353261907832179,0.9497169497169498,23.0
1,RSPagl2/3_Dp2Yey,RSPagl2/3_WT,6,7,mean difference,False,-72.41337179011737,95,-573.1825744847691,440.6082578304753,0.7994,0.804305431639028,0.254746565000245,0.8000235750756987,0.2595245075362918,0.9452214452214451,22.0
2,RSPagl5_Dp2Yey,RSPagl5_WT,5,8,mean difference,False,19.348006944315443,95,-181.64430695281592,248.0400101959949,0.8884,0.8735732832514197,-0.16294492303935568,0.8905637418576764,-0.1408123089168251,0.8329448329448329,22.0
3,RSPagl6a_Dp2Yey,RSPagl6a_WT,5,6,mean difference,False,83.85421634274138,95,-135.87284731055084,308.49813023957563,0.541,0.533907091674334,-0.6597494306084172,0.559333641359984,-0.606240125257188,0.9307359307359306,14.0
