,control,test,control_N,test_N,effect_size,is_paired,difference,ci,bca_low,bca_high,pvalue_permutation,pvalue_welch,statistic_welch,pvalue_students_t,statistic_students_t,pvalue_mann_whitney,statistic_mann_whitney
0,PERI1_Dp2Yey,PERI1_WT,5,5,mean difference,False,-117.94498199277734,95,-636.4413923027946,347.896112720641,0.6694,0.6934474756998543,0.4109843727809318,0.6918724569590713,0.4109843727809318,0.8412698412698413,14.0
1,PERI2/3_Dp2Yey,PERI2/3_WT,5,6,mean difference,False,-1672.747914452566,95,-3204.5093952560946,-586.455214220417,0.034,0.05073953684410249,2.3326433076918964,0.03992575106825539,2.3995741881228123,0.08225108225108226,25.0
2,PERI5_Dp2Yey,PERI5_WT,5,6,mean difference,False,-698.6969438742747,95,-2747.675858289005,351.0490041695823,0.4482,0.4293058794618982,0.854440835834188,0.38478072275123754,0.9135350677314829,0.5367965367965368,19.0
