,control,test,control_N,test_N,effect_size,is_paired,difference,ci,bca_low,bca_high,pvalue_permutation,pvalue_welch,statistic_welch,pvalue_students_t,statistic_students_t,pvalue_mann_whitney,statistic_mann_whitney
0,COApl_Dp2Yey,COApl_WT,6,6,mean difference,False,-58.100621079571965,95,-733.5591011491514,665.4168457005308,0.8664,0.8833763541555724,0.15055261551376004,0.8833221501300674,0.15055261551376004,0.6991341991341992,21.0
1,COApm_Dp2Yey,COApm_WT,5,5,mean difference,False,-571.7892649880496,95,-1147.196882721376,-142.11570587550705,0.0832,0.0824567321043363,1.9886828587344818,0.08193993716915456,1.9886828587344818,0.09523809523809523,21.0
