,control,test,control_N,test_N,effect_size,is_paired,difference,ci,bca_low,bca_high,pvalue_permutation,pvalue_welch,statistic_welch,pvalue_students_t,statistic_students_t,pvalue_mann_whitney,statistic_mann_whitney
0,PAL_Dp2Yey,PAL_WT,5,6,mean difference,False,-65.55293089179852,95,-464.97254144023765,225.98855088403167,0.5016,0.7426342369985504,0.33952308413555554,0.7398743566571799,0.342449555045564,0.42857142857142855,20.0
1,STR_Dp2Yey,STR_WT,6,8,mean difference,False,-206.936212971676,95,-719.551490912474,255.52343261243516,0.451,0.47292826465216387,0.7470112851541434,0.4565300969092909,0.7694068057735747,0.4135864135864136,31.0
