,control,test,control_N,test_N,effect_size,is_paired,difference,ci,bca_low,bca_high,pvalue_permutation,pvalue_welch,statistic_welch,pvalue_students_t,statistic_students_t,pvalue_mann_whitney,statistic_mann_whitney
0,GU1_Dp2Yey,GU1_WT,6,6,mean difference,False,156.9028292132075,95,-331.6476531134083,1018.553297058988,0.726,0.6654504869920481,-0.45034769604476393,0.6620658065079199,-0.45034769604476393,0.9372294372294373,19.0
1,GU2/3_Dp2Yey,GU2/3_WT,6,6,mean difference,False,-592.3571804460944,95,-1353.5443356959377,248.111474711548,0.201,0.21002626989699108,1.3397128490169339,0.20998758526896286,1.3397128490169337,0.17965367965367965,27.0
2,GU4_Dp2Yey,GU4_WT,4,6,mean difference,False,-2152.435440706371,95,-4450.621102928213,804.7156917698367,0.1428,0.23022764818806254,1.4037723387513534,0.14980657787178672,1.5930850943827317,0.2571428571428571,18.0
3,GU5_Dp2Yey,GU5_WT,4,5,mean difference,False,509.5721340672717,95,-1734.0860898580295,2553.0428652850624,0.687,0.6917106669721573,-0.41337371078610763,0.7015976008084124,-0.3992666664367777,0.7301587301587302,8.0
