,control,test,control_N,test_N,effect_size,is_paired,difference,ci,bca_low,bca_high,pvalue_permutation,pvalue_welch,statistic_welch,pvalue_students_t,statistic_students_t,pvalue_mann_whitney,statistic_mann_whitney
0,AIv1_Dp2Yey,AIv1_WT,7,6,mean difference,False,150.93860820235273,95,-333.98808421440924,634.8602439194797,0.5694,0.5995714294875737,-0.5498890466164931,0.5739289163351148,-0.5794991733290342,0.7307692307692307,18.0
1,AIv2/3_Dp2Yey,AIv2/3_WT,6,6,mean difference,False,20.753026677248272,95,-416.224941045356,390.20885980313744,0.9284,0.927901874728438,-0.09281201844137264,0.9278860052720639,-0.09281201844137264,1.0,18.0
2,AIv5_Dp2Yey,AIv5_WT,6,6,mean difference,False,129.24853462644097,95,-131.43710833715747,465.72477332108423,0.4662,0.45215374972939504,-0.7863247996451704,0.4499089583273924,-0.7863247996451704,0.3939393939393939,12.0
