,control,test,control_N,test_N,effect_size,is_paired,difference,ci,bca_low,bca_high,pvalue_permutation,pvalue_welch,statistic_welch,pvalue_students_t,statistic_students_t,pvalue_mann_whitney,statistic_mann_whitney
0,SSp-bfd1_Dp2Yey,SSp-bfd1_WT,6,5,mean difference,False,-500.7820075528672,95,-865.8158544821362,24.225089180347595,0.0854,0.08555224266689669,2.0243739057820362,0.09357049733654363,1.874860388557336,0.17748917748917747,23.0
1,SSp-bfd2/3_Dp2Yey,SSp-bfd2/3_WT,6,6,mean difference,False,-462.0357881710937,95,-851.8203193206062,-94.53343904451015,0.061,0.06389809437005185,2.131360012874597,0.05888619370115784,2.131360012874597,0.06493506493506493,30.0
2,SSp-bfd4_Dp2Yey,SSp-bfd4_WT,6,6,mean difference,False,-76.95034211364259,95,-514.6406781068891,274.29416465082977,0.7554,0.7332064940553518,0.3524248026973316,0.7318342705361669,0.3524248026973317,1.0,18.0
3,SSp-bfd5_Dp2Yey,SSp-bfd5_WT,6,6,mean difference,False,213.8650505102804,95,-173.56799968318273,594.7876833925358,0.3228,0.33754798019288546,-1.0072876084414821,0.3375477851888785,-1.0072876084414821,0.24025974025974026,10.0
4,SSp-bfd6a_Dp2Yey,SSp-bfd6a_WT,6,6,mean difference,False,497.2261684819247,95,116.72039640345736,1189.0195447791039,0.0764,0.10836079279187988,-1.8121986974792557,0.1000428253115714,-1.8121986974792557,0.13203463203463203,8.0
5,SSp-bfd6b_Dp2Yey,SSp-bfd6b_WT,6,6,mean difference,False,334.96080680999296,95,-90.4349873186078,860.4420007064776,0.2264,0.22471322525906573,-1.2985718891924969,0.22323707873032386,-1.2985718891924969,0.24025974025974026,10.0
