,control,test,control_N,test_N,effect_size,is_paired,difference,ci,bca_low,bca_high,pvalue_permutation,pvalue_welch,statistic_welch,pvalue_students_t,statistic_students_t,pvalue_mann_whitney,statistic_mann_whitney
0,SSp-bfd1_Dp2Yey,SSp-bfd1_WT,7,7,mean difference,False,-538.0943063820921,95,-1561.6578511686953,401.65308103436314,0.3438,0.34689017974696423,0.9800761315337165,0.34639518596526486,0.9800761315337165,0.45571095571095577,31.0
1,SSp-bfd2/3_Dp2Yey,SSp-bfd2/3_WT,7,7,mean difference,False,-897.6951848023932,95,-2038.4596582965019,463.86914895580867,0.2152,0.22145655472047543,1.2916757583021623,0.22079389530835447,1.2916757583021625,0.16491841491841494,36.0
2,SSp-bfd4_Dp2Yey,SSp-bfd4_WT,7,7,mean difference,False,-424.5818902252913,95,-2381.4178636296597,1806.1632261744967,0.7056,0.719284558420997,0.3680451205524094,0.7192497528059316,0.36804512055240945,0.7103729603729605,28.0
3,SSp-bfd5_Dp2Yey,SSp-bfd5_WT,7,7,mean difference,False,-736.8343609818194,95,-2257.249292558471,619.2563904671154,0.3686,0.36411276748889543,0.9469562214216144,0.3623406934848574,0.9469562214216144,0.45571095571095577,31.0
4,SSp-bfd6a_Dp2Yey,SSp-bfd6a_WT,7,7,mean difference,False,84.78020067702164,95,-434.55937282483427,771.5911056765084,0.8564,0.80291278873526,-0.2562307060724255,0.8021125440092645,-0.25623070607242554,0.9015151515151516,26.0
5,SSp-bfd6b_Dp2Yey,SSp-bfd6b_WT,6,6,mean difference,False,263.6719922596194,95,-153.63821642019656,1201.9692664087243,0.6774,0.4705285716954172,-0.7695509639566283,0.45935784646687206,-0.7695509639566284,0.8181818181818182,16.0
