,control,test,control_N,test_N,effect_size,is_paired,difference,ci,bca_low,bca_high,pvalue_permutation,pvalue_welch,statistic_welch,pvalue_students_t,statistic_students_t,pvalue_mann_whitney,statistic_mann_whitney
0,VISC1_Dp2Yey,VISC1_WT,6,8,mean difference,False,-47.122150073717876,95,-1611.550965257405,1712.2949618610323,0.9558,0.9603465219864905,0.05079100074190521,0.9612969622149637,0.04954899805162717,0.8518148518148518,26.0
1,VISC2/3_Dp2Yey,VISC2/3_WT,6,8,mean difference,False,77.7068717178588,95,-1313.7403694235018,1355.5940465301946,0.922,0.9183413513057211,-0.10472964917500066,0.9207821717739002,-0.101561310246931,0.8518148518148518,26.0
2,VISC5_Dp2Yey,VISC5_WT,5,7,mean difference,False,-126.88515089183898,95,-435.89607325158204,76.32817195429953,0.387,0.3941614322157117,0.9056069976712394,0.36531118737865764,0.9483387223348753,0.10606060606060606,28.0
3,VISC6a_Dp2Yey,VISC6a_WT,4,3,mean difference,False,-124.88098381783533,95,-462.96424074977597,52.756777383558415,0.6244,0.43996751546090823,0.8630672306770704,0.4862683962264371,0.7513715571618843,0.6285714285714286,8.0
