,control,test,control_N,test_N,effect_size,is_paired,difference,ci,bca_low,bca_high,pvalue_permutation,pvalue_welch,statistic_welch,pvalue_students_t,statistic_students_t,pvalue_mann_whitney,statistic_mann_whitney
0,RSPagl5_Dp2Yey,RSPagl5_WT,4,4,mean difference,False,-279.20453944136733,95,-690.4444828096309,426.82384698797955,0.37,0.44008657518623245,0.8656612015856685,0.4199377177516481,0.8656612015856685,0.34285714285714286,12.0
1,RSPagl6a_Dp2Yey,RSPagl6a_WT,6,5,mean difference,False,-263.2532464922831,95,-1019.9178112531988,1093.377455195742,0.6336,0.6570301228367013,0.4650804992050097,0.638606018109398,0.4859631656109875,0.42857142857142855,20.0
2,RSPagl6b_Dp2Yey,RSPagl6b_WT,5,4,mean difference,False,-450.1065084295535,95,-1587.8499073467726,769.6587772786593,0.5406,0.5321164342054039,0.6596808208081092,0.5555054192450326,0.6190193600878806,0.9047619047619049,11.0
