,control,test,control_N,test_N,effect_size,is_paired,difference,ci,bca_low,bca_high,pvalue_permutation,pvalue_welch,statistic_welch,pvalue_students_t,statistic_students_t,pvalue_mann_whitney,statistic_mann_whitney
0,ARH_Dp2Yey,ARH_WT,6,6,mean difference,False,-175.44738173288988,95,-772.6570076627697,251.48340618186648,0.5714,0.5455595391315586,0.6317377893170264,0.5417298049351598,0.6317377893170264,0.6991341991341992,21.0
1,PVi_Dp2Yey,PVi_WT,6,6,mean difference,False,-211.0547566171748,95,-793.1543355362649,295.16151984333385,0.5008,0.5107236492709928,0.6937839233553471,0.503614406093899,0.6937839233553471,0.9372294372294373,19.0
