,control,test,control_N,test_N,effect_size,is_paired,difference,ci,bca_low,bca_high,pvalue_permutation,pvalue_welch,statistic_welch,pvalue_students_t,statistic_students_t,pvalue_mann_whitney,statistic_mann_whitney
0,MOs1_Dp2Yey,MOs1_WT,6,7,mean difference,False,-102.35262225968609,95,-1554.4977235915549,1285.28966413723,0.8864,0.8995216841719694,0.12933380284935544,0.8991482411865946,0.1296959104898147,0.7307692307692307,24.0
1,MOs2/3_Dp2Yey,MOs2/3_WT,6,7,mean difference,False,-2419.9661146726307,95,-3883.880096763567,-1144.7853839479267,0.0104,0.012134861271925338,3.1232058675409693,0.01274431429354449,2.9700454727551624,0.008158508158508158,39.0
2,MOs5_Dp2Yey,MOs5_WT,6,7,mean difference,False,-1534.0512722834808,95,-2216.5808655845935,-811.4320122252811,0.0066,0.002817581057062078,3.826034441664926,0.0030384135537657336,3.7816421815150383,0.008158508158508158,39.0
3,MOs6a_Dp2Yey,MOs6a_WT,6,7,mean difference,False,-817.7066667040739,95,-1393.1781816194036,-155.41074065368844,0.036,0.035126773253748925,2.4195011802846436,0.033277626462463746,2.4322349624482125,0.022144522144522144,37.0
