,control,test,control_N,test_N,effect_size,is_paired,difference,ci,bca_low,bca_high,pvalue_permutation,pvalue_welch,statistic_welch,pvalue_students_t,statistic_students_t,pvalue_mann_whitney,statistic_mann_whitney
0,V3_Dp2Yey,V3_WT,6,8,mean difference,False,-616.1478493060754,95,-1441.4786918211412,189.30625974387408,0.1622,0.21468389211404298,1.368838649154017,0.15751297894994676,1.5076436582225863,0.14185814185814188,36.0
1,VL_Dp2Yey,VL_WT,6,8,mean difference,False,-451.1762251441272,95,-1070.253784222203,295.66244603181985,0.2434,0.2566643148296313,1.2019172356048424,0.24465380350743293,1.223414934563428,0.4908424908424909,30.0
