,control,test,control_N,test_N,effect_size,is_paired,difference,ci,bca_low,bca_high,pvalue_permutation,pvalue_welch,statistic_welch,pvalue_students_t,statistic_students_t,pvalue_mann_whitney,statistic_mann_whitney
0,BA_Dp2Yey,BA_WT,4,4,mean difference,False,-480.12869895654785,95,-1656.191127127007,354.7381644867771,0.5354,0.4586628564453639,0.8236290476584492,0.4416512576543632,0.8236290476584491,0.6857142857142857,10.0
1,CEA_Dp2Yey,CEA_WT,6,8,mean difference,False,-393.62802851428296,95,-1468.131599877148,538.3297519951711,0.4738,0.5022758746967464,0.6970150897454636,0.48666981998328773,0.7177165887292739,0.662004662004662,28.0
2,IA_Dp2Yey,IA_WT,5,7,mean difference,False,-408.4756482172462,95,-1035.8273452471806,555.4986786169266,0.3792,0.3566131423335376,0.9664615279684138,0.3877586311289617,0.9030030473030142,0.148989898989899,27.0
3,MEA_Dp2Yey,MEA_WT,6,8,mean difference,False,-205.30774545437714,95,-1147.2996433939388,398.7326261360462,0.6126,0.6375946763779897,0.48777205044682553,0.6186081267019097,0.5110200661789539,0.5727605727605728,29.0
