,control,test,control_N,test_N,effect_size,is_paired,difference,ci,bca_low,bca_high,pvalue_permutation,pvalue_welch,statistic_welch,pvalue_students_t,statistic_students_t,pvalue_mann_whitney,statistic_mann_whitney
0,VISC1_Dp2Yey,VISC1_WT,6,6,mean difference,False,-742.3780985850194,95,-1970.3573271255534,171.25578288874294,0.268,0.2676376992411442,1.229603588901041,0.246990409261321,1.2296035889010413,0.30952380952380953,25.0
1,VISC2/3_Dp2Yey,VISC2/3_WT,6,6,mean difference,False,487.65233949337335,95,-308.6439616250518,1307.2067621200304,0.2934,0.30214738498126636,-1.0933955128309916,0.29985886564862935,-1.0933955128309916,0.3939393939393939,12.0
2,VISC4_Dp2Yey,VISC4_WT,5,6,mean difference,False,106.420989411459,95,-831.4696294135908,947.074796606873,0.8212,0.8430724226010834,-0.20549108916537845,0.8361328778748403,-0.2129214778080333,0.6623376623376623,12.0
3,VISC5_Dp2Yey,VISC5_WT,6,6,mean difference,False,141.81683094509708,95,-649.5683219288946,861.9182632477545,0.7504,0.7432580242228689,-0.3414390760394663,0.7398390461137896,-0.3414390760394663,0.6991341991341992,15.0
4,VISC6a_Dp2Yey,VISC6a_WT,6,6,mean difference,False,-94.56151331319984,95,-584.1787300449932,409.67764742394144,0.738,0.7407095244432036,0.34342181117045745,0.7383918761552309,0.34342181117045745,0.9372294372294373,17.0
5,VISC6b_Dp2Yey,VISC6b_WT,6,4,mean difference,False,-50.00435645206721,95,-969.0055291712669,827.8607269326185,0.935,0.9275419937299132,0.09413741209727078,0.9296330098291004,0.09112582340058475,1.0,12.0
