,control,test,control_N,test_N,effect_size,is_paired,difference,ci,bca_low,bca_high,pvalue_permutation,pvalue_welch,statistic_welch,pvalue_students_t,statistic_students_t,pvalue_mann_whitney,statistic_mann_whitney
0,AId1_Dp2Yey,AId1_WT,6,6,mean difference,False,221.59147126930156,95,-935.8821523614433,1235.4006732112643,0.7094,0.7229921770258569,-0.36553527792372875,0.7223253438242082,-0.36553527792372875,0.9372294372294373,17.0
1,AId2/3_Dp2Yey,AId2/3_WT,6,6,mean difference,False,590.1217074700317,95,-496.1947203122445,1773.5383221581078,0.3188,0.3814637762314207,-0.9228355208611284,0.37782137649622727,-0.9228355208611284,0.3939393939393939,12.0
2,AId5_Dp2Yey,AId5_WT,6,6,mean difference,False,1097.413993518061,95,-307.75510644728547,2414.644684837549,0.1684,0.1852243744482117,-1.4515271418899032,0.17727189556816628,-1.4515271418899032,0.30952380952380953,11.0
3,AId6a_Dp2Yey,AId6a_WT,6,6,mean difference,False,1729.3189986050807,95,490.82272561720674,3517.52980627028,0.0742,0.06279140275186776,-2.093309485863485,0.0627790844319505,-2.093309485863485,0.17965367965367965,9.0
4,AId6b_Dp2Yey,AId6b_WT,3,4,mean difference,False,1513.699124373913,95,-444.24233703793743,3382.1206711613704,0.2466,0.3051082867862556,-1.252069030197969,0.22419280444568357,-1.386647253547268,0.4,3.0
