,control,test,control_N,test_N,effect_size,is_paired,difference,ci,bca_low,bca_high,pvalue_permutation,pvalue_welch,statistic_welch,pvalue_students_t,statistic_students_t,pvalue_mann_whitney,statistic_mann_whitney
0,VISam1_Dp2Yey,VISam1_WT,5,7,mean difference,False,273.77163004511794,95,-692.0376803232496,1476.513208784178,0.6894,0.6580811260951118,-0.4560777230138258,0.6772613757930385,-0.42865456522175116,1.0,17.0
1,VISam2/3_Dp2Yey,VISam2/3_WT,6,7,mean difference,False,194.5370975705248,95,-387.31988622574386,902.1607913179797,0.6088,0.5929472671114587,-0.5505610748720434,0.5988093436546802,-0.541724725646995,0.7307692307692307,18.0
2,VISam5_Dp2Yey,VISam5_WT,4,4,mean difference,False,206.1096513210838,95,-58.97211343596996,552.4612983643545,0.2878,0.3135854173715393,-1.1430093199377689,0.2965830230439909,-1.1430093199377689,0.34285714285714286,4.0
3,VISam6a_Dp2Yey,VISam6a_WT,4,3,mean difference,False,418.13003084413504,95,-208.34688853525063,822.3725456784489,0.1666,0.2428118921781365,-1.3618893557361544,0.22374714704526902,-1.3882067264150952,0.11428571428571428,1.0
