,control,test,control_N,test_N,effect_size,is_paired,difference,ci,bca_low,bca_high,pvalue_permutation,pvalue_welch,statistic_welch,pvalue_students_t,statistic_students_t,pvalue_mann_whitney,statistic_mann_whitney
0,CEAc_Dp2Yey,CEAc_WT,6,6,mean difference,False,409.63289675797375,95,49.437495546343825,757.0583561224535,0.072,0.06633236683537466,-2.063904519146065,0.06595426579348745,-2.0639045191460657,0.13203463203463203,8.0
1,CEAl_Dp2Yey,CEAl_WT,6,6,mean difference,False,171.5207392047298,95,-376.24631496853544,553.962758506074,0.5198,0.5268293233265766,-0.6579732425010469,0.5254118965495831,-0.6579732425010469,0.48484848484848486,13.0
2,CEAm_Dp2Yey,CEAm_WT,6,6,mean difference,False,217.27148840381676,95,-192.2043322183946,898.6912482930023,0.5326,0.47758204692728756,-0.7464238321147489,0.47259455889593316,-0.7464238321147489,0.6991341991341992,15.0
