,control,test,control_N,test_N,effect_size,is_paired,difference,ci,bca_low,bca_high,pvalue_permutation,pvalue_welch,statistic_welch,pvalue_students_t,statistic_students_t,pvalue_mann_whitney,statistic_mann_whitney
0,AId1_Dp2Yey,AId1_WT,6,6,mean difference,False,167.7125876140086,95,-262.5913052200809,615.1744812359912,0.4984,0.5128365317447651,-0.6818799417228015,0.5107985484927817,-0.6818799417228016,0.6991341991341992,15.0
1,AId2/3_Dp2Yey,AId2/3_WT,7,6,mean difference,False,505.15228124035605,95,-48.80383784186142,1204.345433756028,0.1602,0.17449991116948163,-1.4666935141252035,0.1632648974691005,-1.4941223835227082,0.18065268065268064,11.0
2,AId5_Dp2Yey,AId5_WT,7,6,mean difference,False,145.05345480031366,95,-179.62423380969364,468.50727924632037,0.4352,0.447335552671671,-0.7897342807853035,0.4435889400218769,-0.7947135905208361,0.5337995337995338,16.0
3,AId6a_Dp2Yey,AId6a_WT,7,6,mean difference,False,68.38581151928844,95,-83.9623809834664,214.53712334506997,0.4214,0.4270047233673615,-0.8248166108444039,0.4338440505404759,-0.8123056349894618,0.36596736596736595,14.0
