,control,test,control_N,test_N,effect_size,is_paired,difference,ci,bca_low,bca_high,pvalue_permutation,pvalue_welch,statistic_welch,pvalue_students_t,statistic_students_t,pvalue_mann_whitney,statistic_mann_whitney
0,TTd_Dp2Yey,TTd_WT,7,6,mean difference,False,-27.776716902928115,95,-646.0328762220887,511.0757971448469,0.9698,0.9319992108946087,0.08786990718477407,0.9352592586784574,0.08310735816140558,0.6282051282051282,17.0
1,TTv_Dp2Yey,TTv_WT,7,6,mean difference,False,134.89889592436293,95,-296.00230869126574,594.0699117438462,0.5848,0.6038097914995652,-0.540127937252605,0.5857392783450603,-0.5614623503891758,0.4452214452214452,15.0
