,control,test,control_N,test_N,effect_size,is_paired,difference,ci,bca_low,bca_high,pvalue_permutation,pvalue_welch,statistic_welch,pvalue_students_t,statistic_students_t,pvalue_mann_whitney,statistic_mann_whitney
0,MOp1_Dp2Yey,MOp1_WT,6,7,mean difference,False,941.1759247028053,95,-1003.5621730229323,2491.819964324615,0.3164,0.35094237608532364,-0.976955568378497,0.34611072991903646,-0.9843261932621914,0.2948717948717949,13.0
1,MOp2/3_Dp2Yey,MOp2/3_WT,6,7,mean difference,False,-2789.8555141366105,95,-3605.400829138161,-1798.155137618095,0.0004,0.00033458995898985995,5.594695600929876,0.0002459687217049813,5.316862377415751,0.0011655011655011655,42.0
2,MOp5_Dp2Yey,MOp5_WT,6,7,mean difference,False,-1441.7783614876103,95,-2177.3214365921895,-620.0928880704848,0.0088,0.006591792303205871,3.3444956567812696,0.007364279587475435,3.2776624110584103,0.022144522144522144,37.0
3,MOp6a_Dp2Yey,MOp6a_WT,4,6,mean difference,False,-577.895890620746,95,-1043.2338708558702,3.9722699840154974,0.0964,0.09991726061812135,1.9073560368034015,0.09458956464027604,1.8957182048903491,0.17142857142857143,19.0
