,control,test,control_N,test_N,effect_size,is_paired,difference,ci,bca_low,bca_high,pvalue_permutation,pvalue_welch,statistic_welch,pvalue_students_t,statistic_students_t,pvalue_mann_whitney,statistic_mann_whitney
0,HPF_Dp2Yey,HPF_WT,4,5,mean difference,False,431.04902684898866,95,-512.0388334072214,1735.371736659673,0.6102,0.5361832970842804,-0.6598557424484033,0.5660313641826823,-0.6021953256201386,0.9047619047619049,9.0
1,OLF_Dp2Yey,OLF_WT,6,8,mean difference,False,62.251839148231284,95,-608.0766239028661,1161.6409886145202,0.929,0.8972284974374447,-0.13252744364727415,0.9073197763870087,-0.11890264434964153,0.7545787545787546,27.0
