,control,test,control_N,test_N,effect_size,is_paired,difference,ci,bca_low,bca_high,pvalue_permutation,pvalue_welch,statistic_welch,pvalue_students_t,statistic_students_t,pvalue_mann_whitney,statistic_mann_whitney
0,LH_Dp2Yey,LH_WT,6,6,mean difference,False,-202.12469081774026,95,-646.4351553499847,143.0956492811323,0.3688,0.3750199338594902,0.931301917771952,0.37363484106070155,0.931301917771952,0.48484848484848486,23.0
1,MH_Dp2Yey,MH_WT,7,6,mean difference,False,170.18473303916198,95,-178.21205367304697,606.7475086197671,0.4414,0.4407197843949343,-0.8025567928837049,0.4342522243015561,-0.8115635959684937,0.2948717948717949,13.0
