,control,test,control_N,test_N,effect_size,is_paired,difference,ci,bca_low,bca_high,pvalue_permutation,pvalue_welch,statistic_welch,pvalue_students_t,statistic_students_t,pvalue_mann_whitney,statistic_mann_whitney
0,NLOT1_Dp2Yey,NLOT1_WT,6,5,mean difference,False,-363.9723674311085,95,-1323.9349787583888,525.6300636527029,0.5252,0.5048702648198924,0.6981773084339254,0.5246980962315931,0.6617704495248645,0.6623376623376623,18.0
1,NLOT3_Dp2Yey,NLOT3_WT,6,4,mean difference,False,350.50616056906665,95,-1385.272703608232,1399.5526417840224,0.7064,0.6559510069197956,-0.46270416342332976,0.688677984700629,-0.41552668818801053,0.35238095238095235,7.0
