,control,test,control_N,test_N,effect_size,is_paired,difference,ci,bca_low,bca_high,pvalue_permutation,pvalue_welch,statistic_welch,pvalue_students_t,statistic_students_t,pvalue_mann_whitney,statistic_mann_whitney
0,BLAa_Dp2Yey,BLAa_WT,5,6,mean difference,False,82.34498409721235,95,-89.17724425920903,403.5069594958646,0.7204,0.5506942821374903,-0.6316613407414082,0.5755501810910082,-0.5809207748735535,0.7922077922077921,17.0
1,BLAp_Dp2Yey,BLAp_WT,4,5,mean difference,False,259.47538203111225,95,12.244734657509923,735.3948839210533,0.3104,0.255586459452999,-1.2964373018975899,0.28370987314857915,-1.16097041470126,0.4126984126984127,6.0
2,BLAv_Dp2Yey,BLAv_WT,6,8,mean difference,False,-83.30812626218881,95,-652.4095046885125,512.6759524251555,0.8156,0.8046617474988434,0.2528793552218461,0.8115292604630372,0.24376651777914943,0.662004662004662,28.0
