,control,test,control_N,test_N,effect_size,is_paired,difference,ci,bca_low,bca_high,pvalue_permutation,pvalue_welch,statistic_welch,pvalue_students_t,statistic_students_t,pvalue_mann_whitney,statistic_mann_whitney
0,AON_Dp2Yey,AON_WT,6,6,mean difference,False,1069.2792085956216,95,-357.37209650091336,2239.4663734261467,0.1726,0.17119928060530473,-1.4751925847608358,0.17093692611729433,-1.4751925847608358,0.13203463203463203,8.0
1,DP_Dp2Yey,DP_WT,6,6,mean difference,False,849.136845928726,95,-131.38802787514214,2717.3364153541456,0.3024,0.2903048522143536,-1.1512127177694702,0.27642654411728423,-1.15121271776947,0.48484848484848486,13.0
2,PIR_Dp2Yey,PIR_WT,6,6,mean difference,False,956.1090604816827,95,294.87068254203587,1658.4628494401823,0.0282,0.04091705307169376,-2.5135736283039356,0.03072387056543216,-2.513573628303936,0.04112554112554113,5.0
3,TT_Dp2Yey,TT_WT,6,6,mean difference,False,847.2206208354928,95,-274.65215382559745,2135.6688438396977,0.2392,0.23694865710051757,-1.315055886796456,0.21784742594073597,-1.315055886796456,0.09307359307359307,7.0
