,control,test,control_N,test_N,effect_size,is_paired,difference,ci,bca_low,bca_high,pvalue_permutation,pvalue_welch,statistic_welch,pvalue_students_t,statistic_students_t,pvalue_mann_whitney,statistic_mann_whitney
0,IA_Dp2Yey,IA_WT,6,6,mean difference,False,327.28922988876116,95,-124.15003214629712,677.2740164545563,0.171,0.17530827163043122,-1.472817239914391,0.17156383033035277,-1.4728172399143913,0.24025974025974026,10.0
1,MEA_Dp2Yey,MEA_WT,6,6,mean difference,False,-42.689901607016736,95,-224.51717765328783,289.7703415673657,0.7564,0.7523688163055793,0.32608348371740603,0.7510825554416769,0.32608348371740603,0.5887445887445888,22.0
