,control,test,control_N,test_N,effect_size,is_paired,difference,ci,bca_low,bca_high,pvalue_permutation,pvalue_welch,statistic_welch,pvalue_students_t,statistic_students_t,pvalue_mann_whitney,statistic_mann_whitney
0,ENTl1_Dp2Yey,ENTl1_WT,4,5,mean difference,False,-307.87301997934105,95,-1538.3494940830883,987.4987301292299,0.6532,0.7001749117167457,0.41010736960492383,0.6752663510260292,0.43701250061417796,0.7301587301587302,12.0
1,ENTl2_Dp2Yey,ENTl2_WT,5,6,mean difference,False,-26.245079621812238,95,-1087.0238482572804,899.5530713827551,0.9496,0.9641544435819642,0.046480191851899784,0.9629603064675636,0.04774741895198641,0.9307359307359306,16.0
2,ENTl3_Dp2Yey,ENTl3_WT,5,3,mean difference,False,1523.5873214816195,95,697.5058150090051,2491.9724382935874,0.044,0.057838461973843874,-2.739534296161708,0.027102679217781814,-2.906530867592138,0.07142857142857142,1.0
3,ENTl5_Dp2Yey,ENTl5_WT,5,4,mean difference,False,9.431383609831528,95,-535.880843946056,557.8494801280938,0.9706,0.9786039753933509,-0.028671384648379827,0.9757028679660654,-0.031561404741544154,0.9047619047619049,9.0
