,control,test,control_N,test_N,effect_size,is_paired,difference,ci,bca_low,bca_high,pvalue_permutation,pvalue_welch,statistic_welch,pvalue_students_t,statistic_students_t,pvalue_mann_whitney,statistic_mann_whitney
0,EPd_Dp2Yey,EPd_WT,7,7,mean difference,False,-200.0243225287303,95,-704.8184419353597,306.22718708816535,0.4718,0.4833836020549317,0.7237026489651163,0.48311822296770734,0.7237026489651164,0.31759906759906764,33.0
1,EPv_Dp2Yey,EPv_WT,7,6,mean difference,False,-69.52898167084606,95,-1400.9247841898423,784.2277922813786,0.9652,0.9086316119587061,0.11816524488979484,0.9129414528377878,0.11187040236671453,0.4452214452214452,15.0
