,control,test,control_N,test_N,effect_size,is_paired,difference,ci,bca_low,bca_high,pvalue_permutation,pvalue_welch,statistic_welch,pvalue_students_t,statistic_students_t,pvalue_mann_whitney,statistic_mann_whitney
0,VPL_Dp2Yey,VPL_WT,7,5,mean difference,False,-669.7162191252064,95,-2195.1246414448883,-94.91704878510103,0.3132,0.2259784229132038,1.3434345221893191,0.28679353909315136,1.125179701792555,0.148989898989899,27.0
1,VPM_Dp2Yey,VPM_WT,6,4,mean difference,False,-115.70012578647865,95,-203.65070179671798,-20.734540083593117,0.0946,0.06117545996342946,2.2110108752818745,0.09375374264112396,1.9014812774524767,0.11428571428571428,20.0
