,control,test,control_N,test_N,effect_size,is_paired,difference,ci,bca_low,bca_high,pvalue_permutation,pvalue_welch,statistic_welch,pvalue_students_t,statistic_students_t,pvalue_mann_whitney,statistic_mann_whitney
0,BMAa_Dp2Yey,BMAa_WT,6,6,mean difference,False,109.25959508973563,95,-223.36874184769692,528.1555397366529,0.6156,0.6073376986480783,-0.5306995895072316,0.6072107472646253,-0.5306995895072316,0.9372294372294373,17.0
1,BMAp_Dp2Yey,BMAp_WT,6,6,mean difference,False,74.36903060094028,95,-405.8341294750113,532.5585491085843,0.7906,0.7832217240597141,-0.28321033941117274,0.782791919177617,-0.28321033941117274,1.0,18.0
